{
    "men": [
        {
            "name": "<i>Paragraphe</i> 1",
            "label": "<b>top</b>1: 'naître', 'famille', 'père' <br> <b>top</b>2: 'naître', 'famille', 'étude' <br> <b>top</b>3: 'naître', 'père', 'mère' <br> <b>top</b>4: 'naître', 'père', 'étude' <br> <b>top</b>5: 'naître', 'famille', 'fait' <br> <b>top</b>6: 'famille', 'père', 'étude' <br> <b>top</b>7: 'famille', 'père', 'étude' <br> <b>top</b>8: 'naître', 'père', 'devenir' <br> <b>top</b>9: 'naître', 'père', 'père' <br> <b>top</b>10: 'famille', 'père', 'devenir'",
            "description": ""
      },
        {
            "name": "<i>Paragraphe</i> 2",
            "label": "<b>top</b>1: 'second', 'guerre', 'mondial' <br> <b>top</b>2: 'devenir', 'devenir', 'partir' <br> <b>top</b>3: 'fait', 'faire', 'faire' <br> <b>top</b>4: 'guerre', 'mondial', 'partir' <br> <b>top</b>5: 'naître', 'famille', 'fait' <br> <b>top</b>6: 'guerre', 'mondial', 'guerre' <br> <b>top</b>7: 'juif', 'juif', 'juif' <br> <b>top</b>8: 'devenir', 'partir', 'partir' <br> <b>top</b>9: 'faire', 'faire', 'faire' <br> <b>top</b>10: 'partir', 'membre', 'partir'",
            "description": ""
      },
        {
            "name": "<i>Paragraphe</i> 3",
            "label": "<b>top</b>1: 'nouveau', 'nouveau', 'nouveau' <br> <b>top</b>2: 'pouvoir', 'faire', 'nouveau' <br> <b>top</b>3: 'année', 'année', 'année' <br> <b>top</b>4: 'faire', 'écrire', 'pouvoir' <br> <b>top</b>5: 'pouvoir', 'faire', 'pouvoir' <br> <b>top</b>6: 'pouvoir', 'pouvoir', 'faire' <br> <b>top</b>7: 'dernier', 'pouvoir', 'nouveau' <br> <b>top</b>8: 'pouvoir', 'nouveau', 'nouveau' <br> <b>top</b>9: 'publier', 'publier', 'mai' <br> <b>top</b>10: 'publier', 'publier', 'publier'",
            "description": ""
      },
        {
            "name": "<i>Paragraphe</i> 4",
            "label": "<b>top</b>1: 'nouveau', 'nouveau', 'suicide' <br> <b>top</b>2:'mort', 'mort', 'mort' <br> <b>top</b>3: 'suicide', 'enterrer', 'cimetière' <br> <b>top</b>4: 'suicide', 'mort', 'mort' <br> <b>top</b>5: 'année', 'mort', 'suicide' <br> <b>top</b>6: 'mort', 'suicide', 'mort' <br> <b>top</b>7: 'année', 'vie', 'suicide' <br> <b>top</b>8: 'second', 'guerre', 'mondial' <br> <b>top</b>9: 'nouveau', 'mort', 'mort' <br> <b>top</b>10: 'nouveau', 'suicide', 'mort'",
            "description": ""
      }
   ],
    "women": [
        {
            "name": "<i>Paragraphe</i> 1",
            "label": "<b>top</b>1: 'naître', 'famille', 'père' <br> <b>top</b>2: 'famille', 'père', 'devenir' <br> <b>top</b>3: 'famille', 'guerre', 'mondial' <br> <b>top</b>4: 'famille', 'père', 'père' <br> <b>top</b>5: 'fille', 'famille', 'père' <br> <b>top</b>6: 'naître', 'père', 'père' <br> <b>top</b>7: 'devenir', 'grand', 'grand' <br> <b>top</b>8: 'famille', 'famille', 'père' <br> <b>top</b>9: 'famille', 'père', 'ami' <br> <b>top</b>10: 'naître', 'famille', 'devenir'",
            "description": ""
      },
        {
            "name": "<i>Paragraphe</i> 2",
            "label": "<b>top</b>1: 'rôle', 'film', 'acteur' <br> <b>top</b>2: 'allemand', 'femme', 'nouveau' <br> <b>top</b>3: 'passer', 'nouveau', 'vie' <br> <b>top</b>4: 'prendre', 'allemand', 'cause' <br> <b>top</b>5: 'prendre', 'femme', 'nouveau' <br> <b>top</b>6: 'rôle', 'film', 'fait' <br> <b>top</b>7: 'rôle', 'film', 'fait', 'présent' <br> <b>top</b>8: 'rôle', 'film', 'nouveau' <br> <b>top</b>9: 'rôle', 'film', 'nouveau', 'acteur' <br> <b>top</b>10: 'rôle', 'film', 'présent'",
            "description": ""
      },
        {
            "name": "<i>Paragraphe</i> 3",
            "label": "<b>top</b>1: 'nouveau', 'nouveau', 'nouveau' <br> <b>top</b>2: 'pouvoir', 'faire', 'nouveau' <br> <b>top</b>3: 'année', 'année', 'année' <br> <b>top</b>4: 'faire', 'écrire', 'pouvoir' <br> <b>top</b>5: 'pouvoir', 'faire', 'pouvoir' <br> <b>top</b>6: 'pouvoir', 'pouvoir', 'faire' <br> <b>top</b>7: 'dernier', 'pouvoir', 'nouveau' <br> <b>top</b>8: 'pouvoir', 'nouveau', 'nouveau' <br> <b>top</b>9: 'publier', 'publier', 'mai' <br> <b>top</b>10: 'publier', 'publier', 'publier'",
            "description": ""
      },
        {
            "name": "<i>Paragraphe</i> 4",
            "label": "<b>top</b>1: 'dernier', 'dernier', 'mettre' <br> <b>top</b>2:'mort', 'mettre', 'porte' <br> <b>top</b>3: 'vie', 'dernier', 'mettre' <br> <b>top</b>4: 'vie', 'dernier', 'vie' <br> <b>top</b>5:'vie', 'dernier', 'vie', 'mettre' <br> <b>top</b>6:'vie', 'dernier', 'vie', 'vie' <br> <b>top</b>7: 'vie', 'dernier', 'vie', 'vie', 'mettre' <br> <b>top</b>8: 'vie', 'vie', 'mettre' <br> <b>top</b>9: 'vie', 'vie', 'vie' <br> <b>top</b>10: 'vie', 'vie', 'vie', 'mettre'",
            "description": ""
      }
   ],
    "young": [
        {
            "name": "<i>Paragraphe</i> 1",
            "label": "<b>top</b>1: naître, famille, père <br> <b>top</b>2: naître, famille, fait <br> <b>top</b>3: naître, famille, père, fait <br> <b>top</b>4: naître, famille, étude <br> <b>top</b>5: naître, père, ami <br> <b>top</b>6: naître, père, cours <br> <b>top</b>7: naître, père, faire <br> <b>top</b>8: naître, père, fait <br> <b>top</b>9: naître, père, famille <br> <b>top</b>10: naître, père, père <br>'",
            "description": ""
      },
        {
            "name": "<i>Paragraphe</i> 2",
            "label": "<b>top</b>1: fait, faire, revue <br> <b>top</b>2: fait, publier, revue <br> <b>top</b>3: autre, aller, mois <br> <b>top</b>4: fait, autre, revue <br> <b>top</b>5: fait, faire, passer <br> <b>top</b>6: fait, fait, suite <br> <b>top</b>7: fait, passer, revue <br> <b>top</b>8: fait, étude, poème <br> <b>top</b>9: fait, étude, revue <br> <b>top</b>10: écrire, poème, poème <br>",
            "description": ""
      },
        {
            "name": "<i>Paragraphe</i> 3",
            "label": "<b>top</b>1: écrire, dernier, pouvoir <br> <b>top</b>2: dernier, pouvoir, nouveau <br> <b>top</b>3: dernier, fait, prendre <br> <b>top</b>4: dernier, pouvoir, fait <br> <b>top</b>5: faire, nouveau, publier <br> <b>top</b>6: guerre, 1914, prendre <br> <b>top</b>7: pouvoir, temps, avril <br> <b>top</b>8: écrire, dernier, avril <br> <b>top</b>9: écrire, pouvoir, fait <br> <b>top</b>10: écrire, temps, nouveau <br>",
            "description": ""
      },
        {
            "name": "<i>Paragraphe</i> 4",
            "label": "<b>top</b>1: année, vie, suicide <br> <b>top</b>2: voyage, vie, suicide <br> <b>top</b>3: année, vie, mort <br> <b>top</b>4: année, vie, mort, suicide <br> <b>top</b>5: mort, mort, mort <br> <b>top</b>6: mort, rendre, hommage <br> <b>top</b>7: mort, retrouver, mort <br> <b>top</b>8: suicide, enterrer, cimetière <br> <b>top</b>9: vie, mort, suicide <br> <b>top</b>10: vie, suicide, mort <br>",
            "description": ""
      }
   ],
    "medium": [
        {
            "name": "<i>Paragraphe</i> 1",
            "label": "<b>top</b>1: naître, père, étude <br> <b>top</b>2: naître, famille, étude <br> <b>top</b>3: naître, père, père <br> <b>top</b>4: naître, père, jeune <br> <b>top</b>5: naître, famille, famille <br> <b>top</b>6: naître, famille, père <br> <b>top</b>7: naître, famille, commence <br> <b>top</b>8: naître, famille, jeune <br> <b>top</b>9: naître, père, faire <br> <b>top</b>10: naître, père, mère",
            "description": ""
      },
        {
            "name": "<i>Paragraphe</i> 2",
            "label": "<b>top</b>1: <b>top</b>1: bataille, grand, novembre <br> <b>top</b>2: devenir, devenir, partir <br> <b>top</b>3: devenir, devenir, parvenir <br> <b>top</b>4: devenir, partir, devenir <br> <b>top</b>5: fait, année, vie <br> <b>top</b>6: nouveau, partir, devenir <br> <b>top</b>7: partir, devenir, nommer <br> <b>top</b>8: écrire, écrire, aller <br> <b>top</b>9: écrire, écrire, prendre <br> <b>top</b>10: écrire, écrire, écrire",
            "description": ""
      },
        {
            "name": "<i>Paragraphe</i> 3",
            "label": "<b>top</b>1: second, guerre, mondial <br> <b>top</b>2: écrire, nouveau, vie <br> <b>top</b>3: année, grand, année <br> <b>top</b>4: année, tout, grand <br> <b>top</b>5: faire, année, grand <br> <b>top</b>6: faire, lieu, grand <br> <b>top</b>7: faire, septembre, année <br> <b>top</b>8: grand, grand, année <br> <b>top</b>9: grand, septembre, année <br> <b>top</b>10: suite, février, année",
            "description": ""
      },
        {
            "name": "<i>Paragraphe</i> 4",
            "label": "<b>top</b>1: général, général, général <br> <b>top</b>2: général, général, suicider <br> <b>top</b>3: 1942, avril, 1945 <br> <b>top</b>4: 1942, diriger, 1945 <br> <b>top</b>5: 1942, diriger, mai <br> <b>top</b>6: dernier, suicide, suicide <br> <b>top</b>7: diriger, mai, 1945 <br> <b>top</b>8: général, mai, suicider <br> <b>top</b>9: partir, avril, 1945 <br> <b>top</b>10: second, guerre, mondial",
            "description": ""
      }
   ],
    "aged": [
        {
            "name": "<i>Paragraphe</i> 1",
            "label": "<b>top</b>1: famille, père, devenir <br> <b>top</b>2: naître, famille, père <br> <b>top</b>3: naître, père, mère <br> <b>top</b>4: naître, famille, étude <br> <b>top</b>5: naître, père, devenir <br> <b>top</b>6: famille, père, mère <br> <b>top</b>7: famille, père, étude <br> <b>top</b>8: naître, guerre, mondial <br> <b>top</b>9: père, mère, père <br> <b>top</b>10: père, mère, étude",
            "description": ""
      },
        {
            "name": "<i>Paragraphe</i> 2",
            "label": "<b>top</b>1: second, guerre, mondial <br> <b>top</b>2: guerre, mondial, guerre <br> <b>top</b>3: faire, pouvoir, faire <br> <b>top</b>4: nouveau, pouvoir, faire <br> <b>top</b>5: nouveau, pouvoir, nouveau <br> <b>top</b>6: partir, partir, nouveau <br> <b>top</b>7: pouvoir, pouvoir, faire <br> <b>top</b>8: écrire, écrire, nouveau <br> <b>top</b>9: partir, nouveau, nouveau <br> <b>top</b>10: partir, pouvoir, nouveau",
            "description": ""
      },
        {
            "name": "<i>Paragraphe</i> 3",
            "label": "<b>top</b>1: nouveau, nouveau, nouveau <br> <b>top</b>2: année, année, année <br> <b>top</b>3: nouveau, nouveau, grand <br> <b>top</b>4: publier, nouveau, nouveau <br> <b>top</b>5: écrire, nouveau, guerre <br> <b>top</b>6: nouveau, nouveau, faire <br> <b>top</b>7: nouveau, nouveau, jour <br> <b>top</b>8: nouveau, nouveau, partir <br> <b>top</b>9: nouveau, partir, devenir <br> <b>top</b>10: nouveau, partir, grand",
            "description": ""
      },
        {
            "name": "<i>Paragraphe</i> 4",
            "label": "<b>top</b>1: année, suicide, cimetière <br> <b>top</b>2: jour, mort, suicide <br> <b>top</b>3: 1945, avril, 1945 <br> <b>top</b>4: année, suicide, mort <br> <b>top</b>5: mort, suicide, mort <br> <b>top</b>6: nouveau, suicide, mort <br> <b>top</b>7: pouvoir, faire, mort <br> <b>top</b>8: suicide, mai, 1945 <br> <b>top</b>9: fait, faire, suicide <br> <b>top</b>10: suicide, mort, mort",
            "description": ""
      }
   ],
    "war": [
        {
            "name": "<i>Paragraphe</i> 1",
            "label": "<b>top</b>1: naître, famille, étude <br> <b>top</b>2: naître, père, devenir <br> <b>top</b>3: famille, père, devenir <br> <b>top</b>4: naître, père, ami <br> <b>top</b>5: famille, père, famille <br> <b>top</b>6: famille, père, père <br> <b>top</b>7: naître, famille, père <br> <b>top</b>8: naître, père, faire <br> <b>top</b>9: naître, père, jeune <br> <b>top</b>10: naître, père, étude",
            "description": ""
      },
        {
            "name": "<i>Paragraphe</i> 2",
            "label": "<b>top</b>1: guerre, mondial, guerre <br> <b>top</b>2: partir, devenir, Berlin <br> <b>top</b>3: guerre, mondial, devenir <br> <b>top</b>4: guerre, mondial, fois <br> <b>top</b>5: guerre, mondial, partir <br> <b>top</b>6: partir, Berlin, nommer <br> <b>top</b>7: partir, août, 1944 <br> <b>top</b>8: partir, devenir, nommer <br> <b>top</b>9: partir, devenir, partir <br> <b>top</b>10: partir, nazi, Berlin",
            "description": ""
      },
        {
            "name": "<i>Paragraphe</i> 3",
            "label": "<b>top</b>1: devenir, cause, réel <br> <b>top</b>2: devenir, famille, cause <br> <b>top</b>3: devenir, famille, cause, réel <br> <b>top</b>4: devenir, famille, réel <br> <b>top</b>5: nommer, ministre, 1944 <br> <b>top</b>6: nommer, poste, Reich <br> <b>top</b>7: nouveau, nouveau, jour <br> <b>top</b>8: novembre, 1942, 1943 <br> <b>top</b>9: novembre, envoyer, famille <br> <b>top</b>10: prendre, passer, nouveau",
            "description": ""
      },
        {
            "name": "<i>Paragraphe</i> 4",
            "label": "<b>top</b>1: fin, 1945, 1945 <br> <b>top</b>2: 1945, suicide, 1945 <br> <b>top</b>3: partir, avril, 1945 <br> <b>top</b>4: 1943, mai, 1945 <br> <b>top</b>5: 1944, mai, 1945 <br> <b>top</b>6: 1945, avril, 1945 <br> <b>top</b>7: 1945, mai, 1945 <br> <b>top</b>8: suicide, mai, 1945 <br> <b>top</b>9: mai, 1945, 1945 <br> <b>top</b>10: mai, mai, 1945",
            "description": ""
      }
   ],
    "crisis": [
        {
            "name": "<i>Paragraphe</i> 1",
            "label": "<b>top</b>1: père, père, faire <br> <b>top</b>2: père, père, général <br> <b>top</b>3: père, père, général, mai <br> <b>top</b>4: père, père, général, politique <br> <b>top</b>5: père, père, général, politique, mai <br> <b>top</b>6: père, père, mai <br> <b>top</b>7: père, père, politique <br> <b>top</b>8: père, père, politique, mai <br> <b>top</b>9: père, père, seul <br> <b>top</b>10: père, père, sœur",
            "description": ""
      },
        {
            "name": "<i>Paragraphe</i> 2",
            "label": "<b>top</b>1: grand, guerre, grand <br> <b>top</b>2: prendre, fin, devenir, liaison <br> <b>top</b>3: prendre, fin, fille <br> <b>top</b>4: prendre, fin, liaison <br> <b>top</b>5: prendre, fin, maîtresse <br> <b>top</b>6: prendre, fin, maîtresse, devenir <br> <b>top</b>7: prendre, fin, maîtresse, devenir, liaison <br> <b>top</b>8: prendre, fin, maîtresse, liaison <br> <b>top</b>9: prendre, maîtresse, devenir <br> <b>top</b>10: prendre, maîtresse, devenir, liaison ",
            "description": ""
      },
        {
            "name": "<i>Paragraphe</i> 3",
            "label": "<b>top</b>1: 1929, français, 1934 <br> <b>top</b>2: 1929, roman, 1934 <br> <b>top</b>3: année, année, 1930 <br> <b>top</b>4: année, année, année <br> <b>top</b>5: année, année, année, 1930 <br> <b>top</b>6: année, suite, partir <br> <b>top</b>7: devenir, trouve, autre <br> <b>top</b>8: mise, clandestin, groupe <br> <b>top</b>9: vivre, ville, mois <br> <b>top</b>10: vivre, ville, suite",
            "description": ""
      },
        {
            "name": "<i>Paragraphe</i> 4",
            "label": "<b>top</b>1: mort, aller, connaître <br> <b>top</b>2: mort, donne, rendre <br> <b>top</b>3: mort, donne, rue <br> <b>top</b>4: mort, donne, rue, rendre <br> <b>top</b>5: mort, mai, police <br> <b>top</b>6: mort, partisan, rendre <br> <b>top</b>7: mort, partisan, rue <br> <b>top</b>8: mort, partisan, rue, rendre <br> <b>top</b>9: mort, rue, rendre <br> <b>top</b>10: mort, suicide, jour",
            "description": ""
      }
   ],
    "USA": [
        {
            "name": "<i>Paragraphe</i> 1",
            "label": "<b>top</b>1: naître, famille, devenir <br> <b>top</b>2: naître, famille, étude <br> <b>top</b>3: famille, devenir, devenir <br> <b>top</b>4: famille, père, devenir <br> <b>top</b>5: naître, famille, père <br> <b>top</b>6: famille, enfant, père <br> <b>top</b>7: famille, jeune, devenir <br> <b>top</b>8: famille, père, fait <br> <b>top</b>9: naître, père, jeune <br> <b>top</b>10: naître, père, étude",
            "description": ""
      },
        {
            "name": "<i>Paragraphe</i> 2",
            "label": "<b>top</b>1: année, film, rôle <br> <b>top</b>2: connaître, femme, ami <br> <b>top</b>3: devenir, femme, rendre <br> <b>top</b>4: faire, nouveau, femme <br> <b>top</b>5: gauche, fin, faire <br> <b>top</b>6: grand, fin, année <br> <b>top</b>7: membre, groupe, suite <br> <b>top</b>8: partir, partir, nouveau <br> <b>top</b>9: temps, devenir, ami <br> <b>top</b>10: écrire, écrire, nouveau",
            "description": ""
      },
        {
            "name": "<i>Paragraphe</i> 3",
            "label": "<b>top</b>1: année, année, 1970 <br> <b>top</b>2: fin, faire, deux <br> <b>top</b>3: fin, faire, grand <br> <b>top</b>4: fin, grand, deux <br> <b>top</b>5: fin, écrire, deux <br> <b>top</b>6: grand, petit, faire <br> <b>top</b>7: nouveau, fin, fin <br> <b>top</b>8: nouveau, guerre, guerre <br> <b>top</b>9: nouveau, écrire, deux <br> <b>top</b>10: écrire, guerre, guerre",
            "description": ""
      },
        {
            "name": "<i>Paragraphe</i> 4",
            "label": "<b>top</b>1: ami, nommer, ami <br> <b>top</b>2: faire, pouvoir, suicide <br> <b>top</b>3: guerre, écrire, dernier <br> <b>top</b>4: guerre, écrire, mort <br> <b>top</b>5: mort, dernier, faire <br> <b>top</b>6: pouvoir, faire, suicide <br> <b>top</b>7: pouvoir, jour, mort <br> <b>top</b>8: pouvoir, jour, suicide <br> <b>top</b>9: pouvoir, pouvoir, suicide <br> <b>top</b>10: suicide, enterrer, cimetière",
            "description": ""
      }
   ],
    "france": [
        {
            "name": "<i>Paragraphe</i> 1",
            "label": "<b>top</b>1: naître, père, mère <br> <b>top</b>2: naître, famille, père <br> <b>top</b>3: naître, père, guerre <br> <b>top</b>4: naître, guerre, mondial <br> <b>top</b>5: naître, père, jeune <br> <b>top</b>6: naître, père, devenir <br> <b>top</b>7: naître, père, père <br> <b>top</b>8: père, mère, père <br> <b>top</b>9: naître, père, passer <br> <b>top</b>10: naître, père, étude",
            "description": ""
      },
        {
            "name": "<i>Paragraphe</i> 2",
            "label": "<b>top</b>1: France, France, France <br> <b>top</b>2: devenir, France, France <br> <b>top</b>3: France, France, nouveau <br> <b>top</b>4: France, devenir, France <br> <b>top</b>5: devenir, publier, France <br> <b>top</b>6: fait, deux, année <br> <b>top</b>7: pouvoir, devenir, faire <br> <b>top</b>8: pouvoir, devenir, nouveau <br> <b>top</b>9: pouvoir, nouveau, titre <br> <b>top</b>10: écrire, écrire, écrire",
            "description": ""
      },
        {
            "name": "<i>Paragraphe</i> 3",
            "label": "<b>top</b>1: film, film, film <br> <b>top</b>2: français, français, décembre <br> <b>top</b>3: nouveau, nouveau, nouveau <br> <b>top</b>4: faire, bon, nouveau <br> <b>top</b>5: film, film, petit <br> <b>top</b>6: français, Jean, français <br> <b>top</b>7: français, prendre, français <br> <b>top</b>8: grand, grand, grand <br> <b>top</b>9: national, prendre, français <br> <b>top</b>10: prendre, nouveau, nouveau",
            "description": ""
      },
        {
            "name": "<i>Paragraphe</i> 4",
            "label": "<b>top</b>1: année, jour, mort <br> <b>top</b>2: année, mort, mort <br> <b>top</b>3: année, suicide, mort <br> <b>top</b>4: année, vie, suicide <br> <b>top</b>5: mettre, fin, jour <br> <b>top</b>6: mort, mort, mort <br> <b>top</b>7: vie, publier, faire <br> <b>top</b>8: voir, suicide, mort <br> <b>top</b>9: jour, mort, mort <br> <b>top</b>10: jour, mort, suicide",
            "description": ""
      }
   ],
    "germany": [
        {
            "name": "<i>Paragraphe</i> 1",
            "label": "<b>top</b>1: guerre, mondial, devenir <br> <b>top</b>2: guerre, mondial, partir <br> <b>top</b>3: naître, guerre, mondial <br> <b>top</b>4: famille, guerre, mondial <br> <b>top</b>5: devenir, membre, partir <br> <b>top</b>6: famille, père, jeune <br> <b>top</b>7: guerre, mondial, fin <br> <b>top</b>8: naître, père, guerre <br> <b>top</b>9: naître, père, jeune <br> <b>top</b>10: père, guerre, mondial",
            "description": ""
      },
        {
            "name": "<i>Paragraphe</i> 2",
            "label": "<b>top</b>1: guerre, mondial, partir <br> <b>top</b>2: guerre, mondial, 1941 <br> <b>top</b>3: second, guerre, mondial <br> <b>top</b>4: guerre, mondial, fait <br> <b>top</b>5: partir, allemand, fin <br> <b>top</b>6: guerre, mondial, avril <br> <b>top</b>7: partir, devenir, partir <br> <b>top</b>8: partir, mars, octobre <br> <b>top</b>9: partir, pouvoir, décembre <br> <b>top</b>10: partir, pouvoir, fin",
            "description": ""
      },
        {
            "name": "<i>Paragraphe</i> 3",
            "label": "<b>top</b>1: 1941, 1941, 1941 <br> <b>top</b>2: allemand, nouveau, fait <br> <b>top</b>3: chef, chef, corps <br> <b>top</b>4: chef, chef, général <br> <b>top</b>5: chef, chef, général, corps <br> <b>top</b>6: chef, général, corps <br> <b>top</b>7: guerre, mondial, commandant <br> <b>top</b>8: juillet, femme, femme <br> <b>top</b>9: juillet, hitler, hitler <br> <b>top</b>10: prendre, 1942, général",
            "description": ""
      },
        {
            "name": "<i>Paragraphe</i> 4",
            "label": "<b>top</b>1: avril, 1945, suicide <br> <b>top</b>2: 1945, avril, 1945 <br> <b>top</b>3: 1945, mai, 1945 <br> <b>top</b>4: 1944, 1945, 1945 <br> <b>top</b>5: 1945, suicide, 1945 <br> <b>top</b>6: avril, 1945, 1945 <br> <b>top</b>7: avril, 1945, hitler <br> <b>top</b>8: suicide, mai, 1945 <br> <b>top</b>9: avril, 1945, hitler, suicide <br> <b>top</b>10: mai, 1945, suicide",
            "description": ""
      }
   ],
    "japan": [
        {
            "name": "<i>Paragraphe</i> 1",
            "label": "<b>top</b>1: naître, branche, poste <br> <b>top</b>2: naître, branche, poste, époque <br> <b>top</b>3: naître, branche, époque <br> <b>top</b>4: naître, impériale, impériale <br> <b>top</b>5: naître, officier, obtenir <br> <b>top</b>6: naître, parvenir, obtenir <br> <b>top</b>7: naître, poste, époque <br> <b>top</b>8: naître, père, mère <br> <b>top</b>9: naître, trace, civilisation <br> <b>top</b>10: naître, trace, civilisation, grand",
            "description": ""
      },
        {
            "name": "<i>Paragraphe</i> 2",
            "label": "<b>top</b>1: général, guerre, mondial <br> <b>top</b>2: second, guerre, guerre <br> <b>top</b>3: guerre, fois, guerre <br> <b>top</b>4: guerre, mondial, fois <br> <b>top</b>5: guerre, mondial, fois, guerre <br> <b>top</b>6: guerre, mondial, guerre <br> <b>top</b>7: guerre, mondial, général <br> <b>top</b>8: guerre, mondial, russe <br> <b>top</b>9: nommer, gouverneur, percevoir <br> <b>top</b>10: nommer, gouverneur, rendre",
            "description": ""
      },
        {
            "name": "<i>Paragraphe</i> 3",
            "label": "<b>top</b>1: milieu, pouvoir, grand <br> <b>top</b>2: milieu, tout, grand <br> <b>top</b>3: dernier, vouloir, qu’ <br> <b>top</b>4: dernier, vouloir, qu’, livre <br> <b>top</b>5: dernier, vouloir, qu’, temps <br> <b>top</b>6: dernier, vouloir, qu’, temps, livre <br> <b>top</b>7: dernier, vouloir, qu’, tout <br> <b>top</b>8: dernier, vouloir, temps <br> <b>top</b>9: dernier, vouloir, temps, livre <br> <b>top</b>10: dernier, vouloir, tout",
            "description": ""
      },
        {
            "name": "<i>Paragraphe</i> 4",
            "label": "<b>top</b>1: dernier, relation, dernier <br> <b>top</b>2: dernier, état, guerre <br> <b>top</b>3: devenir, affaire, jour <br> <b>top</b>4: devenir, affaire, mort <br> <b>top</b>5: devenir, affaire, mort, jour <br> <b>top</b>6: devenir, affaire, mort, temps <br> <b>top</b>7: devenir, affaire, suicide <br> <b>top</b>8: devenir, affaire, temps <br> <b>top</b>9: devenir, bataille, force <br> <b>top</b>10: suicide, enterrer, cimetière",
            "description": ""
      }
   ],
    "UK": [
        {
            "name": "<i>Paragraphe</i> 1",
            "label": "<b>top</b>1: naître, Londres, commencer <br> <b>top</b>2: naître, angleterre, devenir <br> <b>top</b>3: naître, décide, devenir <br> <b>top</b>4: naître, quartier, retour <br> <b>top</b>5: naître, retour, angleterre <br> <b>top</b>6: naître, retour, angleterre, devenir <br> <b>top</b>7: naître, retour, devenir <br> <b>top</b>8: père, année, recevoir <br> <b>top</b>9: père, mère, grand <br> <b>top</b>10: père, recevoir, année",
            "description": ""
      },
        {
            "name": "<i>Paragraphe</i> 2",
            "label": "<b>top</b>1: année, fait, autre <br> <b>top</b>2: année, fait, paraître <br> <b>top</b>3: année, fait, revue <br> <b>top</b>4: fait, année, revue <br> <b>top</b>5: fait, autre, nouveau <br> <b>top</b>6: fait, autre, nouveau, revue <br> <b>top</b>7: fait, autre, revue <br> <b>top</b>8: fait, faire, nouveau <br> <b>top</b>9: fait, nouveau, revue <br> <b>top</b>10: fait, publier, revue",
            "description": ""
      },
        {
            "name": "<i>Paragraphe</i> 3",
            "label": "<b>top</b>1: film, John, Felton <br> <b>top</b>2: film, John, Felton, Trois <br> <b>top</b>3: film, John, Felton, Trois, mousquetaire <br> <b>top</b>4: film, John, Felton, Trois, mousquetaire, jouer <br> <b>top</b>5: film, John, Felton, Trois, mousquetaire, jouer, film <br> <b>top</b>6: grand, ancien, Robert <br> <b>top</b>7: grand, hommage, faire <br> <b>top</b>8: grand, hommage, manifester <br> <b>top</b>9: grand, pouvoir, faire <br> <b>top</b>10: mort, hommage, suivre",
            "description": ""
      },
        {
            "name": "<i>Paragraphe</i> 4",
            "label": "<b>top</b>1: connaître, souffrir, dépression <br> <b>top</b>2: fait, enterrer, cimetière <br> <b>top</b>3: mort, rendre, cimetière <br> <b>top</b>4: temps, tombe, cimetière <br> <b>top</b>5: mort, maison, fait <br> <b>top</b>6: mort, retrouver, fait <br> <b>top</b>7: mort, retrouver, suicide <br> <b>top</b>8: mort, suicide, année <br> <b>top</b>9: mort, suicide, article <br> <b>top</b>10: mort, suicide, suicide",
            "description": ""
      }
   ],
    "all": [
        {
            "name": "<i>Paragraphe</i> 1",
            "label": "<b>top</b>1: naître, famille, père <br> <b>top</b>2: naître, famille, étude <br> <b>top</b>3: naître, père, mère <br> <b>top</b>4: famille, père, devenir <br> <b>top</b>5: naître, père, père <br> <b>top</b>6: naître, père, étude <br> <b>top</b>7: naître, père, devenir <br> <b>top</b>8: naître, famille, devenir <br> <b>top</b>9: naître, famille, fait <br> <b>top</b>10: naître, père, jeune",
            "description": ""
      },
        {
            "name": "<i>Paragraphe</i> 2",
            "label": "<b>top</b>1: second, guerre, mondial <br> <b>top</b>2: fait, faire, faire <br> <b>top</b>3: écrire, écrire, faire <br> <b>top</b>4: devenir, devenir, partir <br> <b>top</b>5: guerre, mondial, partir <br> <b>top</b>6: écrire, écrire, écrire <br> <b>top</b>7: film, film, film <br> <b>top</b>8: guerre, mondial, guerre <br> <b>top</b>9: partir, partir, nouveau <br> <b>top</b>10: pouvoir, pouvoir, faire",
            "description": ""
      },
        {
            "name": "<i>Paragraphe</i> 3",
            "label": "<b>top</b>1: nouveau, nouveau, nouveau <br> <b>top</b>2: année, année, année <br> <b>top</b>3: film, film, film <br> <b>top</b>4: nouveau, nouveau, grand <br> <b>top</b>5: pouvoir, faire, nouveau <br> <b>top</b>6: grand, grand, grand <br> <b>top</b>7: pouvoir, faire, pouvoir <br> <b>top</b>8: pouvoir, pouvoir, faire <br> <b>top</b>9: publier, nouveau, nouveau <br> <b>top</b>10: écrire, vie, pouvoir",
            "description": ""
      },
        {
            "name": "<i>Paragraphe</i> 4",
            "label": "<b>top</b>1: mort, suicide, mort <br> <b>top</b>2: mort, mort, mort <br> <b>top</b>3: nouveau, nouveau, suicide <br> <b>top</b>4: suicide, enterrer, cimetière <br> <b>top</b>5: suicide, mort, mort <br> <b>top</b>6: année, mort, suicide <br> <b>top</b>7: jour, mort, suicide <br> <b>top</b>8: année, suicide, mort <br> <b>top</b>9: jour, suicide, mort <br> <b>top</b>10: vie, mort, suicide",
            "description": ""
      }
   ],
    "trash": [
        {
            "name": "<i>Paragraphe</i> 1",
            "label": "<b>top</b>1: naître, famille, père <br> <b>top</b>2: naître, famille, étude <br> <b>top</b>3: naître, père, mère <br> <b>top</b>4: famille, père, devenir <br> <b>top</b>5: naître, père, père <br> <b>top</b>6: naître, père, étude <br> <b>top</b>7: naître, père, devenir <br> <b>top</b>8: naître, famille, devenir <br> <b>top</b>9: naître, famille, fait <br> <b>top</b>10: naître, père, jeune",
            "description": ""
      },
        {
            "name": "<i>Paragraphe</i> 2",
            "label": "<b>top</b>1: second, guerre, mondial <br> <b>top</b>2: fait, faire, faire <br> <b>top</b>3: écrire, écrire, faire <br> <b>top</b>4: devenir, devenir, partir <br> <b>top</b>5: guerre, mondial, partir <br> <b>top</b>6: écrire, écrire, écrire <br> <b>top</b>7: film, film, film <br> <b>top</b>8: guerre, mondial, guerre <br> <b>top</b>9: partir, partir, nouveau <br> <b>top</b>10: pouvoir, pouvoir, faire",
            "description": ""
      },
        {
            "name": "<i>Paragraphe</i> 3",
            "label": "<b>top</b>1: nouveau, nouveau, nouveau <br> <b>top</b>2: année, année, année <br> <b>top</b>3: film, film, film <br> <b>top</b>4: nouveau, nouveau, grand <br> <b>top</b>5: pouvoir, faire, nouveau <br> <b>top</b>6: grand, grand, grand <br> <b>top</b>7: pouvoir, faire, pouvoir <br> <b>top</b>8: pouvoir, pouvoir, faire <br> <b>top</b>9: publier, nouveau, nouveau <br> <b>top</b>10: écrire, vie, pouvoir",
            "description": ""
      },
        {
            "name": "<i>Paragraphe</i> 4",
            "label": "<b>top</b>1: mort, suicide, mort <br> <b>top</b>2: mort, mort, mort <br> <b>top</b>3: nouveau, nouveau, suicide <br> <b>top</b>4: suicide, enterrer, cimetière <br> <b>top</b>5: suicide, mort, mort <br> <b>top</b>6: année, mort, suicide <br> <b>top</b>7: jour, mort, suicide <br> <b>top</b>8: année, suicide, mort <br> <b>top</b>9: jour, suicide, mort <br> <b>top</b>10: vie, mort, suicide",
            "description": ""
      }
   ]

}
