{
    "men": [
        {
            "name": "<i>Paragraphe</i> 1",
            "label": "<b>top</b>1: compagnie <br> <b>top</b>2: anglaise <br> <b>top</b>3: oriental <br> <b>top</b>4: passer <br> <b>top</b>5: naître <br> <b>top</b>6: militaire <br> <b>top</b>7: haut <br> <b>top</b>8: français <br> <b>top</b>9: commence <br> <b>top</b>10: carrière",
            "description": ""
      },
        {
            "name": "<i>Paragraphe</i> 2",
            "label": "<b>top</b>1: société <br> <b>top</b>2: Bengale <br> <b>top</b>3: connaître <br> <b>top</b>4: retour <br> <b>top</b>5: Pézenas <br> <b>top</b>6: recette <br> <b>top</b>7: gouverneur <br> <b>top</b>8: France <br> <b>top</b>9: fortune <br> <b>top</b>10: rendre",
            "description": ""
      },
        {
            "name": "<b>top</b>1: mort <br> <b>top</b>2: militaire <br> <b>top</b>3: homme <br> <b>top</b>4: voir <br> <b>top</b>5: retour <br> <b>top</b>6: valoir <br> <b>top</b>7: accusation <br> <b>top</b>8: influence <br> <b>top</b>9: maison <br> <b>top</b>10: commune",
            "description": ""
      },
        {
            "name": "<i>Paragraphe</i> 4",
            "label": "<b>top</b>1: clive <br> <b>top</b>2: baron <br> <b>top</b>3: rencontre <br> <b>top</b>4: Londres <br> <b>top</b>5: lord <br> <b>top</b>6: plaque <br> <b>top</b>7: Pézenas <br> <b>top</b>8: pigeon <br> <b>top</b>9: logis <br> <b>top</b>10: façade",
            "description": ""
      }
   ],
    "women": [
        {
            "name": "P<b>top</b>1: chili <br> <b>top</b>2: violeta <br> <b>top</b>3: parra <br> <b>top</b>4: guitare <br> <b>top</b>5: commence <br> <b>top</b>6: professeur <br> <b>top</b>7: petit <br> <b>top</b>8: carrière <br> <b>top</b>9: fait <br> <b>top</b>10: sud",
            "description": ""
      },
        {
            "name": "<i>Paragraphe</i> 2",
            "label": "<b>top</b>1: chanson <br> <b>top</b>2: voyage <br> <b>top</b>3: fille <br> <b>top</b>4: clara <br> <b>top</b>5: parra <br> <b>top</b>6: musique <br> <b>top</b>7: disque <br> <b>top</b>8: trouver <br> <b>top</b>9: soviétique <br> <b>top</b>10: enfant",
            "description": ""
      },
        {
            "name": "<i>Paragraphe</i> 3",
            "label": "<b>top</b>1: isabel <br> <b>top</b>2: Ángel <br> <b>top</b>3: devenir <br> <b>top</b>4: rencontre <br> <b>top</b>5: Gilbert <br> <b>top</b>6: vie <br> <b>top</b>7: Genève <br> <b>top</b>8: expose <br> <b>top</b>9: Favre <br> <b>top</b>10: musée",
            "description": ""
      },
        {
            "name": "<i>Paragraphe</i> 4",
            "label": "<b>top</b>1: chanson <br> <b>top</b>2: disque <br> <b>top</b>3: dernier <br> <b>top</b>4: Bolivie <br> <b>top</b>5: 1966 <br> <b>top</b>6: centre <br> <b>top</b>7: art <br> <b>top</b>8: enregistre <br> <b>top</b>9: chili <br> <b>top</b>10: grand",
            "description": ""
      }
   ],
    "young": [
        {
            "name": "<i>Paragraphe</i> 1",
            "label": "<b>top</b>1: commandant <br> <b>top</b>2: marier <br> <b>top</b>3: fille <br> <b>top</b>4: marie <br> <b>top</b>5: Heinrich <br> <b>top</b>6: Albert <br> <b>top</b>7: Gräfin <br> <b>top</b>8: dernier <br> <b>top</b>9: Karl <br> <b>top</b>10: Hans",
            "description": ""
      },
        {
            "name": "<i>Paragraphe</i> 2",
            "label": "<b>top</b>1: olympique <br> <b>top</b>2: charger <br> <b>top</b>3: construction <br> <b>top</b>4: village <br> <b>top</b>5: 1941 <br> <b>top</b>6: allemand <br> <b>top</b>7: service <br> <b>top</b>8: militaire <br> <b>top</b>9: Paris <br> <b>top</b>10: octobre",
            "description": ""
      },
        {
            "name": "<i>Paragraphe</i> 3",
            "label": "<b>top</b>1: 1936 <br> <b>top</b>2: juif <br> <b>top</b>3: nécessaire <br> <b>top</b>4: agir <br> <b>top</b>5: olympique <br> <b>top</b>6: jeu <br> <b>top</b>7: porte <br> <b>top</b>8: poste <br> <b>top</b>9: visiteur <br> <b>top</b>10: rétrogradation",
            "description": ""
      },
        {
            "name": "<i>Paragraphe</i> 4",
            "label": "<b>top</b>1: suicide <br> <b>top</b>2: août <br> <b>top</b>3: nettoyer <br> <b>top</b>4: revolver <br> <b>top</b>5: pistolet <br> <b>top</b>6: parler <br> <b>top</b>7: accident <br> <b>top</b>8: nazie <br> <b>top</b>9: balle <br> <b>top</b>10: 1936",
            "description": ""
      }
   ],
    "medium": [
        {
            "name": "<i>Paragraphe</i> 1",
            "label": "<b>top</b>1: chili <br> <b>top</b>2: violeta <br> <b>top</b>3: parra <br> <b>top</b>4: professeur <br> <b>top</b>5: guitare <br> <b>top</b>6: commence <br> <b>top</b>7: étude <br> <b>top</b>8: père <br> <b>top</b>9: région <br> <b>top</b>10: enfant",
            "description": ""
      },
        {
            "name": "<i>Paragraphe</i> 2",
            "label": "<b>top</b>1: chanson <br> <b>top</b>2: voyage <br> <b>top</b>3: fille <br> <b>top</b>4: parra <br> <b>top</b>5: clara <br> <b>top</b>6: musique <br> <b>top</b>7: disque <br> <b>top</b>8: français <br> <b>top</b>9: visite <br> <b>top</b>10: temps",
            "description": ""
      },
        {
            "name": "<i>Paragraphe</i> 3",
            "label": "<b>top</b>1: isabel <br> <b>top</b>2: Ángel <br> <b>top</b>3: devenir <br> <b>top</b>4: vie <br> <b>top</b>5: expose <br> <b>top</b>6: Gilbert <br> <b>top</b>7: rencontre <br> <b>top</b>8: Favre <br> <b>top</b>9: Genève <br> <b>top</b>10: musée ",
            "description": ""
      },
        {
            "name": "<i>Paragraphe</i> 4",
            "label": "<b>top</b>1: chanson <br> <b>top</b>2: disque <br> <b>top</b>3: dernier <br> <b>top</b>4: chili <br> <b>top</b>5: enregistre <br> <b>top</b>6: art <br> <b>top</b>7: Bolivie <br> <b>top</b>8: grand <br> <b>top</b>9: centre <br> <b>top</b>10: 1966",
            "description": ""
      }
   ],
    "aged": [
        {
            "name": "<i>Paragraphe</i> 1",
            "label": "<b>top</b>1: compagnie <br> <b>top</b>2: anglaise <br> <b>top</b>3: oriental <br> <b>top</b>4: naître <br> <b>top</b>5: carrière <br> <b>top</b>6: militaire <br> <b>top</b>7: passer <br> <b>top</b>8: Bihar <br> <b>top</b>9: force <br> <b>top</b>10: domination",
            "description": ""
      },
        {
            "name": "<i>Paragraphe</i> 2",
            "label": "<b>top</b>1: société <br> <b>top</b>2: Bengale <br> <b>top</b>3: connaître <br> <b>top</b>4: gouverneur <br> <b>top</b>5: retour <br> <b>top</b>6: Pézenas <br> <b>top</b>7: recette <br> <b>top</b>8: France <br> <b>top</b>9: fortune <br> <b>top</b>10: nommer",
            "description": ""
      },
        {
            "name": "<i>Paragraphe</i> 3",
            "label": "<b>top</b>1: mort <br> <b>top</b>2: militaire <br> <b>top</b>3: homme <br> <b>top</b>4: voir <br> <b>top</b>5: commandant <br> <b>top</b>6: utiliser <br> <b>top</b>7: politique <br> <b>top</b>8: dépens <br> <b>top</b>9: déclare <br> <b>top</b>10: accusation",
            "description": ""
      },
        {
            "name": "<i>Paragraphe</i> 4",
            "label": "<b>top</b>1: clive <br> <b>top</b>2: baron <br> <b>top</b>3: Pézenas <br> <b>top</b>4: Jafar <br> <b>top</b>5: statue <br> <b>top</b>6: quartier <br> <b>top</b>7: Londres <br> <b>top</b>8: plaque <br> <b>top</b>9: rencontre <br> <b>top</b>10: trois",
            "description": ""
      }
   ],
    "war": [
        {
            "name": "<i>Paragraphe</i> 1",
            "label": "<b>top</b>1: guerre <br> <b>top</b>2: russo <br> <b>top</b>3: Saint <br> <b>top</b>4: cavalerie <br> <b>top</b>5: Nicolas <br> <b>top</b>6: militaire <br> <b>top</b>7: école <br> <b>top</b>8: commande <br> <b>top</b>9: subit <br> <b>top</b>10: russe",
            "description": ""
      },
        {
            "name": "<i>Paragraphe</i> 2",
            "label": "<b>top</b>1: russe <br> <b>top</b>2: Moukden <br> <b>top</b>3: conflit <br> <b>top</b>4: général <br> <b>top</b>5: guerre <br> <b>top</b>6: mondial <br> <b>top</b>7: épisode <br> <b>top</b>8: combat <br> <b>top</b>9: deux <br> <b>top</b>10: mettre",
            "description": ""
      },
        {
            "name": "<i>Paragraphe</i> 3",
            "label": "<b>top</b>1: armée <br> <b>top</b>2: commandant <br> <b>top</b>3: guerre <br> <b>top</b>4: nommer <br> <b>top</b>5: homme <br> <b>top</b>6: devoir <br> <b>top</b>7: prusse <br> <b>top</b>8: russe <br> <b>top</b>9: allemand <br> <b>top</b>10: rejoindre",
            "description": ""
      },
        {
            "name": "<i>Paragraphe</i> 4",
            "label": "<b>top</b>1: armée <br> <b>top</b>2: second <br> <b>top</b>3: allemande <br> <b>top</b>4: posséder <br> <b>top</b>5: suicide <br> <b>top</b>6: fait <br> <b>top</b>7: désastre <br> <b>top</b>8: donner <br> <b>top</b>9: russe <br> <b>top</b>10: militaire",
            "description": ""
      }
   ],
    "crisis": [
        {
            "name": "<i>Paragraphe</i> 1",
            "label": "<b>top</b>1: pêche <br> <b>top</b>2: père <br> <b>top</b>3: porter <br> <b>top</b>4: intégrer <br> <b>top</b>5: Nagato <br> <b>top</b>6: préfecture <br> <b>top</b>7: Yamaguchi <br> <b>top</b>8: Shōnosuke <br> <b>top</b>9: mourir <br> <b>top</b>10: 1906",
            "description": ""
      },
        {
            "name": "<i>Paragraphe</i> 2",
            "label": "<b>top</b>1: poème <br> <b>top</b>2: magazine <br> <b>top</b>3: enfant <br> <b>top</b>4: suivre <br> <b>top</b>5: histoire <br> <b>top</b>6: année <br> <b>top</b>7: autre <br> <b>top</b>8: publier <br> <b>top</b>9: écrire <br> <b>top</b>10: littérature",
            "description": ""
      },
        {
            "name": "<i>Paragraphe</i> 3",
            "label": "<b>top</b>1: mari <br> <b>top</b>2: écrire <br> <b>top</b>3: faire <br> <b>top</b>4: début <br> <b>top</b>5: quartier <br> <b>top</b>6: suicide <br> <b>top</b>7: divorce <br> <b>top</b>8: Rossetti <br> <b>top</b>9: élève <br> <b>top</b>10: maladie",
            "description": ""
      },
        {
            "name": "<i>Paragraphe</i> 4",
            "label": "<b>top</b>1: publier <br> <b>top</b>2: vie <br> <b>top</b>3: jour <br> <b>top</b>4: Kiyohiro <br> <b>top</b>5: publishing <br> <b>top</b>6: 1982 <br> <b>top</b>7: six <br> <b>top</b>8: anthologie <br> <b>top</b>9: bureau <br> <b>top</b>10: entière",
            "description": ""
      }
   ],
    "USA": [
        {
            "name": "<i>Paragraphe</i> 1",
            "label": "<b>top</b>1: naître <br> <b>top</b>2: secondaire <br> <b>top</b>3: quitte <br> <b>top</b>4: René <br> <b>top</b>5: famille <br> <b>top</b>6: bourgeoisie <br> <b>top</b>7: Roger <br> <b>top</b>8: étude <br> <b>top</b>9: affaire <br> <b>top</b>10: priver",
            "description": ""
      },
        {
            "name": "<i>Paragraphe</i> 2",
            "label": "<b>top</b>1: Paris <br> <b>top</b>2: fait <br> <b>top</b>3: combat <br> <b>top</b>4: 1944 <br> <b>top</b>5: arrêter <br> <b>top</b>6: participe <br> <b>top</b>7: littéraire <br> <b>top</b>8: journal <br> <b>top</b>9: Martin <br> <b>top</b>10: nom",
            "description": ""
      },
        {
            "name": "<i>Paragraphe</i> 3",
            "label": "<b>top</b>1: Proust <br> <b>top</b>2: Jean <br> <b>top</b>3: année <br> <b>top</b>4: politique <br> <b>top</b>5: François <br> <b>top</b>6: Simone <br> <b>top</b>7: Mauriac <br> <b>top</b>8: cours <br> <b>top</b>9: certains <br> <b>top</b>10: producteur",
            "description": ""
      },
        {
            "name": "<i>Paragraphe</i> 4",
            "label": "<b>top</b>1: suicide <br> <b>top</b>2: vie <br> <b>top</b>3: part <br> <b>top</b>4: grand <br> <b>top</b>5: appeler <br> <b>top</b>6: chronique <br> <b>top</b>7: décembre <br> <b>top</b>8: personnalité <br> <b>top</b>9: 1952 <br> <b>top</b>10: public",
            "description": ""
      }
   ],
    "france": [
        {
            "name": "<i>Paragraphe</i> 1",
            "label": "<b>top</b>1: faire <br> <b>top</b>2: bienvenue <br> <b>top</b>3: vide <br> <b>top</b>4: détaillée <br> <b>top</b>5: incomplète <br> <b>top</b>6: aide <br> <b>top</b>7: section <br> <b>top</b>8: levi <br> <b>top</b>9: juif <br> <b>top</b>10: Turin",
            "description": ""
      },
        {
            "name": "<i>Paragraphe</i> 2",
            "label": "<b>top</b>1: Éric <br> <b>top</b>2: Borel <br> <b>top</b>3: fils <br> <b>top</b>4: mère <br> <b>top</b>5: relation <br> <b>top</b>6: marie <br> <b>top</b>7: part <br> <b>top</b>8: servir <br> <b>top</b>9: parenti <br> <b>top</b>10: bichet",
            "description": ""
      },
        {
            "name": "<i>Paragraphe</i> 3",
            "label": "<b>top</b>1: année <br> <b>top</b>2: professionnel <br> <b>top</b>3: aller <br> <b>top</b>4: dernier <br> <b>top</b>5: père <br> <b>top</b>6: travail <br> <b>top</b>7: rejoindre <br> <b>top</b>8: parler <br> <b>top</b>9: déclarer <br> <b>top</b>10: Georges",
            "description": ""
      },
        {
            "name": "<i>Paragraphe</i> 4",
            "label": "<b>top</b>1: livre <br> <b>top</b>2: faire <br> <b>top</b>3: fait <br> <b>top</b>4: question <br> <b>top</b>5: référence <br> <b>top</b>6: guerre <br> <b>top</b>7: second <br> <b>top</b>8: journal <br> <b>top</b>9: père <br> <b>top</b>10: ami",
            "description": ""
      }
   ],
    "germany": [
        {
            "name": "<i>Paragraphe</i> 1",
            "label": "<b>top</b>1: sexuel <br> <b>top</b>2: Bruce <br> <b>top</b>3: mois <br> <b>top</b>4: Money <br> <b>top</b>5: garçon <br> <b>top</b>6: faire <br> <b>top</b>7: pouvoir <br> <b>top</b>8: John <br> <b>top</b>9: chirurgien <br> <b>top</b>10: fonctionnel",
            "description": ""
      },
        {
            "name": "<i>Paragraphe</i> 2",
            "label": "<b>top</b>1: cas <br> <b>top</b>2: réattribution <br> <b>top</b>3: Money <br> <b>top</b>4: Brenda <br> <b>top</b>5: année <br> <b>top</b>6: développement <br> <b>top</b>7: reconstruction <br> <b>top</b>8: sexuel <br> <b>top</b>9: John <br> <b>top</b>10: réussir",
            "description": ""
      },
        {
            "name": "<i>Paragraphe</i> 3",
            "label": "<b>top</b>1: visite <br> <b>top</b>2: faire <br> <b>top</b>3: suivre <br> <b>top</b>4: famille <br> <b>top</b>5: Money <br> <b>top</b>6: Reimer <br> <b>top</b>7: sujet <br> <b>top</b>8: frère <br> <b>top</b>9: jumeau <br> <b>top</b>10: laboratoire ",
            "description": ""
      },
        {
            "name": "<i>Paragraphe</i> 4",
            "label": "<b>top</b>1: David <br> <b>top</b>2: Reimer <br> <b>top</b>3: Brenda <br> <b>top</b>4: parent <br> <b>top</b>5: femme <br> <b>top</b>6: 1997 <br> <b>top</b>7: John <br> <b>top</b>8: connaître <br> <b>top</b>9: victime <br> <b>top</b>10: faire",
            "description": ""
      }
   ],
    "all": [
        {
            "name": "<i>Paragraphe</i> 1",
            "label": "<b>top</b>1: compagnie <br> <b>top</b>2: oriental <br> <b>top</b>3: anglaise <br> <b>top</b>4: passer <br> <b>top</b>5: naître <br> <b>top</b>6: commence <br> <b>top</b>7: français <br> <b>top</b>8: militaire <br> <b>top</b>9: haut <br> <b>top</b>10: carrière",
            "description": ""
      },
        {
            "name": "<i>Paragraphe</i> 2",
            "label": "<b>top</b>1: société <br> <b>top</b>2: Bengale <br> <b>top</b>3: connaître <br> <b>top</b>4: retour <br> <b>top</b>5: Pézenas <br> <b>top</b>6: recette <br> <b>top</b>7: gouverneur <br> <b>top</b>8: fortune <br> <b>top</b>9: France <br> <b>top</b>10: rendre",
            "description": ""
      },
        {
            "name": "<i>Paragraphe</i> 3",
            "label": "<b>top</b>1: mort <br> <b>top</b>2: militaire <br> <b>top</b>3: homme <br> <b>top</b>4: voir <br> <b>top</b>5: retour <br> <b>top</b>6: amasser <br> <b>top</b>7: déclare <br> <b>top</b>8: dépens <br> <b>top</b>9: commune <br> <b>top</b>10: tel",
            "description": ""
      },
        {
            "name": "<i>Paragraphe</i> 4",
            "label": "<b>top</b>1: clive <br> <b>top</b>2: baron <br> <b>top</b>3: rencontre <br> <b>top</b>4: Londres <br> <b>top</b>5: Francis <br> <b>top</b>6: Hayman <br> <b>top</b>7: mir <br> <b>top</b>8: plaque <br> <b>top</b>9: Jafar <br> <b>top</b>10: lord",
            "description": ""
      }
   ],
    "trash": [
        {
            "name": "<i>Paragraphe</i> 1",
            "label": "<b>top</b>1: compagnie <br> <b>top</b>2: oriental <br> <b>top</b>3: anglaise <br> <b>top</b>4: passer <br> <b>top</b>5: naître <br> <b>top</b>6: commence <br> <b>top</b>7: français <br> <b>top</b>8: militaire <br> <b>top</b>9: haut <br> <b>top</b>10: carrière",
            "description": ""
      },
        {
            "name": "<i>Paragraphe</i> 2",
            "label": "<b>top</b>1: société <br> <b>top</b>2: Bengale <br> <b>top</b>3: connaître <br> <b>top</b>4: retour <br> <b>top</b>5: Pézenas <br> <b>top</b>6: recette <br> <b>top</b>7: gouverneur <br> <b>top</b>8: fortune <br> <b>top</b>9: France <br> <b>top</b>10: rendre",
            "description": ""
      },
        {
            "name": "<i>Paragraphe</i> 3",
            "label": "<b>top</b>1: mort <br> <b>top</b>2: militaire <br> <b>top</b>3: homme <br> <b>top</b>4: voir <br> <b>top</b>5: retour <br> <b>top</b>6: amasser <br> <b>top</b>7: déclare <br> <b>top</b>8: dépens <br> <b>top</b>9: commune <br> <b>top</b>10: tel",
            "description": ""
      },
        {
            "name": "<i>Paragraphe</i> 4",
            "label": "<b>top</b>1: clive <br> <b>top</b>2: baron <br> <b>top</b>3: rencontre <br> <b>top</b>4: Londres <br> <b>top</b>5: Francis <br> <b>top</b>6: Hayman <br> <b>top</b>7: mir <br> <b>top</b>8: plaque <br> <b>top</b>9: Jafar <br> <b>top</b>10: lord",
            "description": ""
      }
   ]
}
