{
    "men": [
        {
            "name": "<i>Paragraphe</i> 1",
            "label": "<b>top</b>1: entreprendre <br> <b>top</b>2: charger <br> <b>top</b>3: cabinet <br> <b>top</b>4: capitale <br> <b>top</b>5: caractère <br> <b>top</b>6: nature <br> <b>top</b>7: mécanicien <br> <b>top</b>8: république <br> <b>top</b>9: Europe <br> <b>top</b>10: Chicago",
            "description": ""
      },
        {
            "name": "<i>Paragraphe</i> 2",
            "label": "<b>top</b>1: tourne <br> <b>top</b>2: Russie <br> <b>top</b>3: faux <br> <b>top</b>4: faveur <br> <b>top</b>5: autorité <br> <b>top</b>6: échapper <br> <b>top</b>7: appartenir <br> <b>top</b>8: apparition <br> <b>top</b>9: écrit <br> <b>top</b>10: monsieur",
            "description": ""
      },
        {
            "name": "<b>top</b>1: sein <br> <b>top</b>2: pologne <br> <b>top</b>3: peinture <br> <b>top</b>4: renvoyer <br> <b>top</b>5: geste <br> <b>top</b>6: rentrer <br> <b>top</b>7: âgé <br> <b>top</b>8: James <br> <b>top</b>9: régiment <br> <b>top</b>10: droite",
            "description": ""
      },
        {
            "name": "<i>Paragraphe</i> 4",
            "label": "<b>top</b>1: lancer <br> <b>top</b>2: dette <br> <b>top</b>3: Robert <br> <b>top</b>4: craindre <br> <b>top</b>5: tempe <br> <b>top</b>6: criminel <br> <b>top</b>7: Michel <br> <b>top</b>8: production <br> <b>top</b>9: cérémonie <br> <b>top</b>10: poème",
            "description": ""
      }
   ],
    "women": [
        {
            "name": "<i>Paragraphe</i> 1",
            "label": "<b>top</b>1: nom <br> <b>top</b>2: couple <br> <b>top</b>3: femme <br> <b>top</b>4: recevoir <br> <b>top</b>5: lettre <br> <b>top</b>6: mois <br> <b>top</b>7: roman <br> <b>top</b>8: part <br> <b>top</b>9: faire <br> <b>top</b>10: peinture",
            "description": ""
      },
        {
            "name": "<i>Paragraphe</i> 2",
            "label": "<b>top</b>1: 1972 <br> <b>top</b>2: voyage <br> <b>top</b>3: mariage <br> <b>top</b>4: membre <br> <b>top</b>5: mettre <br> <b>top</b>6: national <br> <b>top</b>7: bon <br> <b>top</b>8: période <br> <b>top</b>9: place <br> <b>top</b>10: juif",
            "description": ""
      },
        {
            "name": "<i>Paragraphe</i> 3",
            "label": "<b>top</b>1: revenir <br> <b>top</b>2: tout <br> <b>top</b>3: novembre <br> <b>top</b>4: pièce <br> <b>top</b>5: politique <br> <b>top</b>6: lieu <br> <b>top</b>7: présent <br> <b>top</b>8: français <br> <b>top</b>9: septembre <br> <b>top</b>10: suivre",
            "description": ""
      },
        {
            "name": "<i>Paragraphe</i> 4",
            "label": "<b>top</b>1: Londres <br> <b>top</b>2: dire <br> <b>top</b>3: mars <br> <b>top</b>4: mari <br> <b>top</b>5: maison <br> <b>top</b>6: juin <br> <b>top</b>7: jeune <br> <b>top</b>8: important <br> <b>top</b>9: politique <br> <b>top</b>10: posthume",
            "description": ""
      }
   ],
    "young": [
        {
            "name": "<i>Paragraphe</i> 1",
            "label": "<b>top</b>1: vie <br> <b>top</b>2: prendre <br> <b>top</b>3: parent <br> <b>top</b>4: fille <br> <b>top</b>5: mère <br> <b>top</b>6: jeune <br> <b>top</b>7: Paris <br> <b>top</b>8: mondial <br> <b>top</b>9: carrière <br> <b>top</b>10: venir",
            "description": ""
      },
        {
            "name": "<i>Paragraphe</i> 2",
            "label": "<b>top</b>1: 1972 <br> <b>top</b>2: voyage <br> <b>top</b>3: mariage <br> <b>top</b>4: membre <br> <b>top</b>5: mettre <br> <b>top</b>6: national <br> <b>top</b>7: bon <br> <b>top</b>8: période <br> <b>top</b>9: place <br> <b>top</b>10: juif",
            "description": ""
      },
        {
            "name": "<i>Paragraphe</i> 3",
            "label": "<b>top</b>1: poème <br> <b>top</b>2: année <br> <b>top</b>3: devenir <br> <b>top</b>4: grand <br> <b>top</b>5: publier <br> <b>top</b>6: avril <br> <b>top</b>7: succès <br> <b>top</b>8: suicide <br> <b>top</b>9: faire <br> <b>top</b>10: fait",
            "description": ""
      },
        {
            "name": "<i>Paragraphe</i> 4",
            "label": "<b>top</b>1: autre <br> <b>top</b>2: octobre <br> <b>top</b>3: nom <br> <b>top</b>4: écrire <br> <b>top</b>5: lettre <br> <b>top</b>6: août <br> <b>top</b>7: novembre <br> <b>top</b>8: faire <br> <b>top</b>9: grand <br> <b>top</b>10: ami",
            "description": ""
      }
   ],
    "medium": [
        {
            "name": "<i>Paragraphe</i> 1",
            "label": "<b>top</b>1: partie <br> <b>top</b>2: originaire <br> <b>top</b>3: Saint <br> <b>top</b>4: dernier <br> <b>top</b>5: fille <br> <b>top</b>6: enfer <br> <b>top</b>7: ville <br> <b>top</b>8: passer <br> <b>top</b>9: autre <br> <b>top</b>10: professeur",
            "description": ""
      },
        {
            "name": "<i>Paragraphe</i> 2",
            "label": "<b>top</b>1: participe <br> <b>top</b>2: obtenir <br> <b>top</b>3: travailler <br> <b>top</b>4: mois <br> <b>top</b>5: succès <br> <b>top</b>6: second <br> <b>top</b>7: femme <br> <b>top</b>8: fille <br> <b>top</b>9: jeune <br> <b>top</b>10: général",
            "description": ""
      },
        {
            "name": "<i>Paragraphe</i> 3",
            "label": "<b>top</b>1: ami <br> <b>top</b>2: fin <br> <b>top</b>3: suicide <br> <b>top</b>4: second <br> <b>top</b>5: publier <br> <b>top</b>6: nommer <br> <b>top</b>7: mort <br> <b>top</b>8: jeune <br> <b>top</b>9: voir <br> <b>top</b>10: dernier",
            "description": ""
      },
        {
            "name": "<i>Paragraphe</i> 4",
            "label": "<b>top</b>1: écrire <br> <b>top</b>2: pouvoir <br> <b>top</b>3: grand <br> <b>top</b>4: Paris <br> <b>top</b>5: long <br> <b>top</b>6: mettre <br> <b>top</b>7: nommer <br> <b>top</b>8: début <br> <b>top</b>9: prendre <br> <b>top</b>10: corps",
            "description": ""
      }
   ],
    "aged": [
        {
            "name": "<i>Paragraphe</i> 1",
            "label": "<b>top</b>1: intituler <br> <b>top</b>2: doctorat <br> <b>top</b>3: nord <br> <b>top</b>4: munich <br> <b>top</b>5: 1960 <br> <b>top</b>6: 1971 <br> <b>top</b>7: mari <br> <b>top</b>8: marchand <br> <b>top</b>9: libre <br> <b>top</b>10: issue",
            "description": ""
      },
        {
            "name": "<i>Paragraphe</i> 2",
            "label": "<b>top</b>1: mot <br> <b>top</b>2: liberté <br> <b>top</b>3: manière <br> <b>top</b>4: mesure <br> <b>top</b>5: séparer <br> <b>top</b>6: amoureux <br> <b>top</b>7: division <br> <b>top</b>8: médecine <br> <b>top</b>9: alexandre <br> <b>top</b>10: aide",
            "description": ""
      },
        {
            "name": "<i>Paragraphe</i> 3",
            "label": "<b>top</b>1: maladie <br> <b>top</b>2: sortie <br> <b>top</b>3: rouge <br> <b>top</b>4: anglais <br> <b>top</b>5: république <br> <b>top</b>6: résistance <br> <b>top</b>7: révéler <br> <b>top</b>8: secret <br> <b>top</b>9: laisse <br> <b>top</b>10: reprise",
            "description": ""
      },
        {
            "name": "<i>Paragraphe</i> 4",
            "label": "<b>top</b>1: 1925 <br> <b>top</b>2: aide <br> <b>top</b>3: secret <br> <b>top</b>4: court <br> <b>top</b>5: sembler <br> <b>top</b>6: position <br> <b>top</b>7: population <br> <b>top</b>8: album <br> <b>top</b>9: affirmer <br> <b>top</b>10: tel",
            "description": ""
      }
   ],
    "war": [
        {
            "name": "<i>Paragraphe</i> 1",
            "label": "<b>top</b>1: 1922 <br> <b>top</b>2: deux <br> <b>top</b>3: écrire <br> <b>top</b>4: école <br> <b>top</b>5: travailler <br> <b>top</b>6: publier <br> <b>top</b>7: part <br> <b>top</b>8: nommer <br> <b>top</b>9: nom <br> <b>top</b>10: mourir",
            "description": ""
      },
        {
            "name": "<i>Paragraphe</i> 2",
            "label": "<b>top</b>1: 1925 <br> <b>top</b>2: aller <br> <b>top</b>3: état <br> <b>top</b>4: épouse <br> <b>top</b>5: seul <br> <b>top</b>6: roman <br> <b>top</b>7: période <br> <b>top</b>8: médecin <br> <b>top</b>9: monde <br> <b>top</b>10: juillet",
            "description": ""
      },
        {
            "name": "<i>Paragraphe</i> 3",
            "label": "<b>top</b>1: 1933 <br> <b>top</b>2: chambre <br> <b>top</b>3: service <br> <b>top</b>4: quitter <br> <b>top</b>5: prix <br> <b>top</b>6: poste <br> <b>top</b>7: 1939 <br> <b>top</b>8: juillet <br> <b>top</b>9: février <br> <b>top</b>10: fils",
            "description": ""
      },
        {
            "name": "<i>Paragraphe</i> 4",
            "label": "<b>top</b>1: 1939 <br> <b>top</b>2: second <br> <b>top</b>3: gouvernement <br> <b>top</b>4: groupe <br> <b>top</b>5: mère <br> <b>top</b>6: nazi <br> <b>top</b>7: obtenir <br> <b>top</b>8: partie <br> <b>top</b>9: devoir <br> <b>top</b>10: recevoir",
            "description": ""
      }
   ],

    "USA": [
        {
            "name": "<i>Paragraphe</i> 1",
            "label": "<b>top</b>1: raconte <br> <b>top</b>2: jeu <br> <b>top</b>3: grand-mère <br> <b>top</b>4: autrichien <br> <b>top</b>5: ouvrière <br> <b>top</b>6: Daniel <br> <b>top</b>7: Christian <br> <b>top</b>8: aérien <br> <b>top</b>9: gustav <br> <b>top</b>10: Bruno",
            "description": ""
      },
        {
            "name": "<i>Paragraphe</i> 2",
            "label": "<b>top</b>1: 1940 <br> <b>top</b>2: titre <br> <b>top</b>3: recevoir <br> <b>top</b>4: pouvoir <br> <b>top</b>5: part <br> <b>top</b>6: novembre <br> <b>top</b>7: nombreux <br> <b>top</b>8: nom <br> <b>top</b>9: mort <br> <b>top</b>10: mars",
            "description": ""
      },
        {
            "name": "<i>Paragraphe</i> 3",
            "label": "<b>top</b>1: John <br> <b>top</b>2: créer <br> <b>top</b>3: nommer <br> <b>top</b>4: mars <br> <b>top</b>5: février <br> <b>top</b>6: roman <br> <b>top</b>7: tête <br> <b>top</b>8: série <br> <b>top</b>9: cours <br> <b>top</b>10: carrière",
            "description": ""
      },
        {
            "name": "<i>Paragraphe</i> 4",
            "label": "<b>top</b>1: père <br> <b>top</b>2: vivre <br> <b>top</b>3: venir <br> <b>top</b>4: aller <br> <b>top</b>5: trouver <br> <b>top</b>6: nombreux <br> <b>top</b>7: nouveau <br> <b>top</b>8: connaître <br> <b>top</b>9: suivre <br> <b>top</b>10: décembre",
            "description": ""
      }
   ],
    "france": [
        {
            "name": "<i>Paragraphe</i> 1",
            "label": "<b>top</b>1: modèle <br> <b>top</b>2: femme <br> <b>top</b>3: participe <br> <b>top</b>4: député <br> <b>top</b>5: haut <br> <b>top</b>6: combat <br> <b>top</b>7: remarquer <br> <b>top</b>8: classique <br> <b>top</b>9: enfance <br> <b>top</b>10: retourne",
            "description": ""
      },
        {
            "name": "<i>Paragraphe</i> 2",
            "label": "<b>top</b>1: gouvernement <br> <b>top</b>2: groupe <br> <b>top</b>3: ville <br> <b>top</b>4: tête <br> <b>top</b>5: critique <br> <b>top</b>6: tour <br> <b>top</b>7: maison <br> <b>top</b>8: activité <br> <b>top</b>9: retour <br> <b>top</b>10: proche",
            "description": ""
      },
        {
            "name": "<i>Paragraphe</i> 3",
            "label": "<b>top</b>1: envoyer <br> <b>top</b>2: diriger <br> <b>top</b>3: revenir <br> <b>top</b>4: cinéma <br> <b>top</b>5: charger <br> <b>top</b>6: seul <br> <b>top</b>7: question <br> <b>top</b>8: créer <br> <b>top</b>9: porte <br> <b>top</b>10: parler",
            "description": ""
      },
        {
            "name": "<i>Paragraphe</i> 4",
            "label": "<b>top</b>1: 1974 <br> <b>top</b>2: appartement <br> <b>top</b>3: hommage <br> <b>top</b>4: jouer <br> <b>top</b>5: lieu <br> <b>top</b>6: long <br> <b>top</b>7: critique <br> <b>top</b>8: matin <br> <b>top</b>9: particulier <br> <b>top</b>10: qu’ ",
            "description": ""
      }
   ],
    "germany": [
        {
            "name": "<i>Paragraphe</i> 1",
            "label": "<b>top</b>1: mars <br> <b>top</b>2: dernier <br> <b>top</b>3: juif <br> <b>top</b>4: nommer <br> <b>top</b>5: novembre <br> <b>top</b>6: frère <br> <b>top</b>7: formation <br> <b>top</b>8: parent <br> <b>top</b>9: porte <br> <b>top</b>10: pouvoir",
            "description": ""
      },
        {
            "name": "<i>Paragraphe</i> 2",
            "label": "<b>top</b>1: passer <br> <b>top</b>2: permettre <br> <b>top</b>3: fils <br> <b>top</b>4: février <br> <b>top</b>5: garde <br> <b>top</b>6: homme <br> <b>top</b>7: national <br> <b>top</b>8: part <br> <b>top</b>9: Paris <br> <b>top</b>10: donne",
            "description": ""
      },
        {
            "name": "<i>Paragraphe</i> 3",
            "label": "<b>top</b>1: 1933 <br> <b>top</b>2: commandement <br> <b>top</b>3: national <br> <b>top</b>4: Wilhelm <br> <b>top</b>5: cours <br> <b>top</b>6: cause <br> <b>top</b>7: travail <br> <b>top</b>8: revenir <br> <b>top</b>9: passer <br> <b>top</b>10: novembre",
            "description": ""
      },
        {
            "name": "<i>Paragraphe</i> 4",
            "label": "<b>top</b>1: 1939 <br> <b>top</b>2: allié <br> <b>top</b>3: tête <br> <b>top</b>4: seul <br> <b>top</b>5: publier <br> <b>top</b>6: juif <br> <b>top</b>7: 1941 <br> <b>top</b>8: gouvernement <br> <b>top</b>9: fonction <br> <b>top</b>10: cellule",
            "description": ""
      }
   ],
    "all": [
        {
            "name": "<i>Paragraphe</i> 1",
            "label": "<b>top</b>1: raconte <br> <b>top</b>2: jeu <br> <b>top</b>3: grand-mère <br> <b>top</b>4: autrichien <br> <b>top</b>5: ouvrière <br> <b>top</b>6: Daniel <br> <b>top</b>7: Christian <br> <b>top</b>8: aérien <br> <b>top</b>9: gustav <br> <b>top</b>10: Bruno",
            "description": ""
      },
        {
            "name": "<i>Paragraphe</i> 2",
            "label": "<b>top</b>1: 1977 <br> <b>top</b>2: 1986 <br> <b>top</b>3: 1984 <br> <b>top</b>4: garçon <br> <b>top</b>5: entière <br> <b>top</b>6: toile <br> <b>top</b>7: Himmler <br> <b>top</b>8: croix <br> <b>top</b>9: multiplier <br> <b>top</b>10: multiple",
            "description": ""
      },
        {
            "name": "<i>Paragraphe</i> 3",
            "label": "<b>top</b>1: faute <br> <b>top</b>2: liaison <br> <b>top</b>3: capital <br> <b>top</b>4: vérité <br> <b>top</b>5: prise <br> <b>top</b>6: censure <br> <b>top</b>7: Ernest <br> <b>top</b>8: privée <br> <b>top</b>9: lire <br> <b>top</b>10: championnat",
            "description": ""
      },
        {
            "name": "<i>Paragraphe</i> 4",
            "label": "<b>top</b>1: éditeur <br> <b>top</b>2: vérité <br> <b>top</b>3: département <br> <b>top</b>4: enregistre <br> <b>top</b>5: entreprise <br> <b>top</b>6: exercer <br> <b>top</b>7: explication <br> <b>top</b>8: Christian <br> <b>top</b>9: fidèle <br> <b>top</b>10: fusil",
            "description": ""
      }
   ],
    "trash": [
        {
            "name": "<i>Paragraphe</i> 1",
            "label": "<b>top</b>1: raconte <br> <b>top</b>2: jeu <br> <b>top</b>3: grand-mère <br> <b>top</b>4: autrichien <br> <b>top</b>5: ouvrière <br> <b>top</b>6: Daniel <br> <b>top</b>7: Christian <br> <b>top</b>8: aérien <br> <b>top</b>9: gustav <br> <b>top</b>10: Bruno",
            "description": ""
      },
        {
            "name": "<i>Paragraphe</i> 2",
            "label": "<b>top</b>1: 1977 <br> <b>top</b>2: 1986 <br> <b>top</b>3: 1984 <br> <b>top</b>4: garçon <br> <b>top</b>5: entière <br> <b>top</b>6: toile <br> <b>top</b>7: Himmler <br> <b>top</b>8: croix <br> <b>top</b>9: multiplier <br> <b>top</b>10: multiple",
            "description": ""
      },
        {
            "name": "<i>Paragraphe</i> 3",
            "label": "<b>top</b>1: faute <br> <b>top</b>2: liaison <br> <b>top</b>3: capital <br> <b>top</b>4: vérité <br> <b>top</b>5: prise <br> <b>top</b>6: censure <br> <b>top</b>7: Ernest <br> <b>top</b>8: privée <br> <b>top</b>9: lire <br> <b>top</b>10: championnat",
            "description": ""
      },
        {
            "name": "<i>Paragraphe</i> 4",
            "label": "<b>top</b>1: éditeur <br> <b>top</b>2: vérité <br> <b>top</b>3: département <br> <b>top</b>4: enregistre <br> <b>top</b>5: entreprise <br> <b>top</b>6: exercer <br> <b>top</b>7: explication <br> <b>top</b>8: Christian <br> <b>top</b>9: fidèle <br> <b>top</b>10: fusil",
            "description": ""
      }
   ]

}
