{
   "2008":[
      {
         "hashtagsAssocies":[
            {
               "name":"#travail",
               "weight":14
            },
            {
               "name":"#francetelecom",
               "weight":12
            },
            {
               "name":"#stress",
               "weight":5
            },
            {
               "name":"#vdm",
               "weight":4
            },
            {
               "name":"#fail",
               "weight":4
            },
            {
               "name":"#adieu",
               "weight":3
            },
            {
               "name":"#musique",
               "weight":3
            },
            {
               "name":"#orange",
               "weight":3
            },
            {
               "name":"#euthanasie",
               "weight":3
            },
            {
               "name":"#penduautelephone",
               "weight":3
            },
            {
               "name":"#france",
               "weight":3
            },
            {
               "name":"#crise",
               "weight":2
            },
            {
               "name":"#mort",
               "weight":2
            },
            {
               "name":"#peopleuk",
               "weight":2
            },
            {
               "name":"#justice",
               "weight":2
            },
            {
               "name":"#d\u00e9pression",
               "weight":2
            },
            {
               "name":"#ft",
               "weight":2
            },
            {
               "name":"#laposte",
               "weight":2
            },
            {
               "name":"#nanterre",
               "weight":2
            },
            {
               "name":"#francet\u00e9l\u00e9com",
               "weight":2
            },
            {
               "name":"#penduauboutdufil",
               "weight":2
            },
            {
               "name":"#crisis",
               "weight":2
            },
            {
               "name":"#t\u00e9l\u00e9com",
               "weight":2
            },
            {
               "name":"#fb",
               "weight":2
            },
            {
               "name":"#idee",
               "weight":1
            }
         ]
      }
   ],
   "2009":[
      {
         "hashtagsAssocies":[
            {
               "name":"#travail",
               "weight":14
            },
            {
               "name":"#francetelecom",
               "weight":12
            },
            {
               "name":"#stress",
               "weight":5
            },
            {
               "name":"#vdm",
               "weight":4
            },
            {
               "name":"#fail",
               "weight":4
            },
            {
               "name":"#adieu",
               "weight":3
            },
            {
               "name":"#musique",
               "weight":3
            },
            {
               "name":"#orange",
               "weight":3
            },
            {
               "name":"#euthanasie",
               "weight":3
            },
            {
               "name":"#penduautelephone",
               "weight":3
            },
            {
               "name":"#france",
               "weight":3
            },
            {
               "name":"#crise",
               "weight":2
            },
            {
               "name":"#mort",
               "weight":2
            },
            {
               "name":"#peopleuk",
               "weight":2
            },
            {
               "name":"#justice",
               "weight":2
            },
            {
               "name":"#d\u00e9pression",
               "weight":2
            },
            {
               "name":"#ft",
               "weight":2
            },
            {
               "name":"#laposte",
               "weight":2
            },
            {
               "name":"#nanterre",
               "weight":2
            },
            {
               "name":"#francet\u00e9l\u00e9com",
               "weight":2
            },
            {
               "name":"#penduauboutdufil",
               "weight":2
            },
            {
               "name":"#crisis",
               "weight":2
            },
            {
               "name":"#t\u00e9l\u00e9com",
               "weight":2
            },
            {
               "name":"#fb",
               "weight":2
            },
            {
               "name":"#idee",
               "weight":1
            }
         ]
      }
   ],
   "2010":[
      {
         "hashtagsAssocies":[
            {
               "name":"#prison",
               "weight":20
            },
            {
               "name":"#francetelecom",
               "weight":18
            },
            {
               "name":"#orange",
               "weight":17
            },
            {
               "name":"#help",
               "weight":14
            },
            {
               "name":"#fail",
               "weight":13
            },
            {
               "name":"#kill",
               "weight":12
            },
            {
               "name":"#m6",
               "weight":11
            },
            {
               "name":"#peoplefrance",
               "weight":11
            },
            {
               "name":"#travail",
               "weight":10
            },
            {
               "name":"#france",
               "weight":9
            },
            {
               "name":"#depression",
               "weight":9
            },
            {
               "name":"#capital",
               "weight":8
            },
            {
               "name":"#college",
               "weight":8
            },
            {
               "name":"#tf1",
               "weight":7
            },
            {
               "name":"#vdm",
               "weight":7
            },
            {
               "name":"#mort",
               "weight":7
            },
            {
               "name":"#telerealite",
               "weight":7
            },
            {
               "name":"#internet",
               "weight":6
            },
            {
               "name":"#omg",
               "weight":6
            },
            {
               "name":"#tristesse",
               "weight":6
            },
            {
               "name":"#trompemoisitupeux",
               "weight":6
            },
            {
               "name":"#chine",
               "weight":6
            },
            {
               "name":"#interview",
               "weight":6
            },
            {
               "name":"#d\u00e9prime",
               "weight":5
            },
            {
               "name":"#police",
               "weight":5
            }
         ]
      }
   ],
   "2011":[
      {
         "hashtagsAssocies":[
            {
               "name":"#vdm",
               "weight":30
            },
            {
               "name":"#prison",
               "weight":26
            },
            {
               "name":"#intimidation",
               "weight":23
            },
            {
               "name":"#travail",
               "weight":22
            },
            {
               "name":"#fail",
               "weight":21
            },
            {
               "name":"#d\u00e9pression",
               "weight":21
            },
            {
               "name":"#francetelecom",
               "weight":21
            },
            {
               "name":"#mort",
               "weight":21
            },
            {
               "name":"#depression",
               "weight":20
            },
            {
               "name":"#police",
               "weight":19
            },
            {
               "name":"#tf1",
               "weight":18
            },
            {
               "name":"#france",
               "weight":18
            },
            {
               "name":"#orange",
               "weight":17
            },
            {
               "name":"#tunisie",
               "weight":16
            },
            {
               "name":"#fx",
               "weight":16
            },
            {
               "name":"#dsk",
               "weight":16
            },
            {
               "name":"#facebook",
               "weight":15
            },
            {
               "name":"#meurtre",
               "weight":14
            },
            {
               "name":"#help",
               "weight":14
            },
            {
               "name":"#attentat",
               "weight":13
            },
            {
               "name":"#sncf",
               "weight":13
            },
            {
               "name":"#corde",
               "weight":13
            },
            {
               "name":"#sant\u00e9",
               "weight":12
            },
            {
               "name":"#suicid\u00e9",
               "weight":12
            },
            {
               "name":"#stress",
               "weight":12
            }
         ]
      }
   ],
   "2012":[
      {
         "hashtagsAssocies":[
            {
               "name":"#prison",
               "weight":76
            },
            {
               "name":"#vdm",
               "weight":52
            },
            {
               "name":"#lt",
               "weight":44
            },
            {
               "name":"#suicid\u00e9",
               "weight":40
            },
            {
               "name":"#d\u00e9pression",
               "weight":33
            },
            {
               "name":"#mort",
               "weight":33
            },
            {
               "name":"#sncf",
               "weight":26
            },
            {
               "name":"#lyon",
               "weight":25
            },
            {
               "name":"#france",
               "weight":24
            },
            {
               "name":"#seum",
               "weight":24
            },
            {
               "name":"#help",
               "weight":24
            },
            {
               "name":"#travail",
               "weight":24
            },
            {
               "name":"#pendaison",
               "weight":23
            },
            {
               "name":"#corde",
               "weight":22
            },
            {
               "name":"#off",
               "weight":19
            },
            {
               "name":"#meurtre",
               "weight":19
            },
            {
               "name":"#depression",
               "weight":17
            },
            {
               "name":"#adieu",
               "weight":16
            },
            {
               "name":"#bad",
               "weight":16
            },
            {
               "name":"#dead",
               "weight":16
            },
            {
               "name":"#ump",
               "weight":16
            },
            {
               "name":"#sant\u00e9",
               "weight":15
            },
            {
               "name":"#tristesse",
               "weight":15
            },
            {
               "name":"#euthanasie",
               "weight":15
            },
            {
               "name":"#stress",
               "weight":15
            }
         ]
      }
   ],
   "2013":[
      {
         "hashtagsAssocies":[
            {
               "name":"#euthanasie",
               "weight":119
            },
            {
               "name":"#lt",
               "weight":66
            },
            {
               "name":"#mort",
               "weight":63
            },
            {
               "name":"#depression",
               "weight":57
            },
            {
               "name":"#help",
               "weight":53
            },
            {
               "name":"#prison",
               "weight":48
            },
            {
               "name":"#d\u00e9pression",
               "weight":47
            },
            {
               "name":"#vdm",
               "weight":46
            },
            {
               "name":"#seum",
               "weight":45
            },
            {
               "name":"#sant\u00e9mentale",
               "weight":41
            },
            {
               "name":"#pr\u00e9vention",
               "weight":40
            },
            {
               "name":"#tristesse",
               "weight":32
            },
            {
               "name":"#adieu",
               "weight":32
            },
            {
               "name":"#pendaison",
               "weight":31
            },
            {
               "name":"#france",
               "weight":30
            },
            {
               "name":"#meurtre",
               "weight":28
            },
            {
               "name":"#travail",
               "weight":28
            },
            {
               "name":"#bac",
               "weight":28
            },
            {
               "name":"#triste",
               "weight":27
            },
            {
               "name":"#agriculteurs",
               "weight":27
            },
            {
               "name":"#sncf",
               "weight":26
            },
            {
               "name":"#corde",
               "weight":24
            },
            {
               "name":"#lrt",
               "weight":24
            },
            {
               "name":"#stress",
               "weight":22
            },
            {
               "name":"#deprime",
               "weight":21
            }
         ]
      }
   ],
    "2014":[
        {
            "hashtagsAssocies":[
                {
                "name":"#euthanasie",
                "weight":93
                },
                {
                "name":"#depression",
                "weight":79
                },
                {
                "name":"#d\u00e9pression",
                "weight":69
                },
                {
                "name":"#mort",
                "weight":58
                },
                {
                "name":"#tristesse",
                "weight":45
                },
                {
                "name":"#police",
                "weight":45
                },
                {
                "name":"#prison",
                "weight":41
                },
                {
                "name":"#travail",
                "weight":39
                },
                {
                "name":"#lt",
                "weight":39
                },
                {
                "name":"#pr\u00e9vention",
                "weight":36
                },
                {
                "name":"#findevie",
                "weight":35
                },
                {
                "name":"#sant\u00e9mentale",
                "weight":35
                },
                {
                "name":"#robinwilliams",
                "weight":31
                },
                {
                "name":"#droit",
                "weight":30
                },
                {
                "name":"#policier",
                "weight":28
                },
                {
                "name":"#france",
                "weight":28
                },
                {
                "name":"#help",
                "weight":26
                },
                {
                "name":"#policiers",
                "weight":26
                },
                {
                "name":"#bac",
                "weight":26
                },
                {
                "name":"#triste",
                "weight":25
                },
                {
                "name":"#sant\u00e9",
                "weight":24
                },
                {
                "name":"#kills",
                "weight":23
                },
                {
                "name":"#rip",
                "weight":23
                },
                {
                "name":"#vdm",
                "weight":23
                },
                {
                "name":"#meurtre",
                "weight":22
                }
            ]
        }
    ],
   "2015":[
      {
         "hashtagsAssocies":[
            {
               "name":"#euthanasie",
               "weight":61
            },
            {
               "name":"#depression",
               "weight":57
            },
            {
               "name":"#attentat",
               "weight":54
            },
            {
               "name":"#pr\u00e9vention",
               "weight":52
            },
            {
               "name":"#sant\u00e9mentale",
               "weight":49
            },
            {
               "name":"#d\u00e9pression",
               "weight":45
            },
            {
               "name":"#prison",
               "weight":38
            },
            {
               "name":"#sossuicide",
               "weight":34
            },
            {
               "name":"#travail",
               "weight":31
            },
            {
               "name":"#sant\u00e9",
               "weight":31
            },
            {
               "name":"#mort",
               "weight":30
            },
            {
               "name":"#news",
               "weight":30
            },
            {
               "name":"#police",
               "weight":28
            },
            {
               "name":"#crasha320",
               "weight":27
            },
            {
               "name":"#suicid\u00e9",
               "weight":24
            },
            {
               "name":"#findevie",
               "weight":24
            },
            {
               "name":"#cameroun",
               "weight":23
            },
            {
               "name":"#tristesse",
               "weight":23
            },
            {
               "name":"#europe",
               "weight":21
            },
            {
               "name":"#france",
               "weight":20
            },
            {
               "name":"#qu\u00e9bec",
               "weight":19
            },
            {
               "name":"#lgbt",
               "weight":19
            },
            {
               "name":"#vdm",
               "weight":19
            },
            {
               "name":"#ps",
               "weight":18
            },
            {
               "name":"#meurtre",
               "weight":18
            }
         ]
      }
   ],
   "2016":[
      {
         "hashtagsAssocies":[
            {
               "name":"#pr\u00e9vention",
               "weight":84
            },
            {
               "name":"#sant\u00e9mentale",
               "weight":73
            },
            {
               "name":"#attentat",
               "weight":67
            },
            {
               "name":"#socialmedia",
               "weight":64
            },
            {
               "name":"#travail",
               "weight":55
            },
            {
               "name":"#prison",
               "weight":46
            },
            {
               "name":"#periscope",
               "weight":45
            },
            {
               "name":"#facebook",
               "weight":45
            },
            {
               "name":"#france",
               "weight":43
            },
            {
               "name":"#burnout",
               "weight":41
            },
            {
               "name":"#d\u00e9pression",
               "weight":39
            },
            {
               "name":"#euthanasie",
               "weight":36
            },
            {
               "name":"#suicid\u00e9",
               "weight":35
            },
            {
               "name":"#depression",
               "weight":33
            },
            {
               "name":"#sant\u00e9",
               "weight":33
            },
            {
               "name":"#agriculteurs",
               "weight":31
            },
            {
               "name":"#mort",
               "weight":30
            },
            {
               "name":"#prevention",
               "weight":30
            },
            {
               "name":"#jeunes",
               "weight":29
            },
            {
               "name":"#irak",
               "weight":28
            },
            {
               "name":"#harc\u00e8lement",
               "weight":25
            },
            {
               "name":"#hrw",
               "weight":24
            },
            {
               "name":"#squad",
               "weight":22
            },
            {
               "name":"#h\u00f4pital",
               "weight":22
            },
            {
               "name":"#polqc",
               "weight":21
            }
         ]
      }
   ],
   "2017":[
      {
         "hashtagsAssocies":[
            {
               "name":"#prison",
               "weight":83
            },
            {
               "name":"#police",
               "weight":77
            },
            {
               "name":"#pr\u00e9vention",
               "weight":75
            },
            {
               "name":"#sant\u00e9mentale",
               "weight":58
            },
            {
               "name":"#sant\u00e9",
               "weight":56
            },
            {
               "name":"#fillon",
               "weight":52
            },
            {
               "name":"#depression",
               "weight":45
            },
            {
               "name":"#d\u00e9pression",
               "weight":42
            },
            {
               "name":"#euthanasie",
               "weight":39
            },
            {
               "name":"#prevention",
               "weight":38
            },
            {
               "name":"#france",
               "weight":37
            },
            {
               "name":"#attentat",
               "weight":36
            },
            {
               "name":"#burnout",
               "weight":35
            },
            {
               "name":"#facebook",
               "weight":32
            },
            {
               "name":"#suicid\u00e9",
               "weight":31
            },
            {
               "name":"#agriculture",
               "weight":30
            },
            {
               "name":"#socialmedia",
               "weight":30
            },
            {
               "name":"#feedly",
               "weight":29
            },
            {
               "name":"#actualit\u00e9s",
               "weight":28
            },
            {
               "name":"#mort",
               "weight":27
            },
            {
               "name":"#travail",
               "weight":25
            },
            {
               "name":"#prisonsfran\u00e7aises",
               "weight":25
            },
            {
               "name":"#13reasonswhy",
               "weight":25
            },
            {
               "name":"#macron",
               "weight":24
            },
            {
               "name":"#policier",
               "weight":23
            }
         ]
      }
   ],
   "2018":[
      {
         "hashtagsAssocies":[
            {
               "name":"#police",
               "weight":144
            },
            {
               "name":"#prison",
               "weight":125
            },
            {
               "name":"#faitsdivers",
               "weight":110
            },
            {
               "name":"#pr\u00e9vention",
               "weight":89
            },
            {
               "name":"#sant\u00e9mentale",
               "weight":69
            },
            {
               "name":"#prevention",
               "weight":66
            },
            {
               "name":"#france",
               "weight":60
            },
            {
               "name":"#policiers",
               "weight":58
            },
            {
               "name":"#sant\u00e9",
               "weight":54
            },
            {
               "name":"#depression",
               "weight":52
            },
            {
               "name":"#burnout",
               "weight":52
            },
            {
               "name":"#travail",
               "weight":50
            },
            {
               "name":"#agriculteurs",
               "weight":48
            },
            {
               "name":"#d\u00e9pression",
               "weight":48
            },
            {
               "name":"#justice",
               "weight":45
            },
            {
               "name":"#mort",
               "weight":43
            },
            {
               "name":"#policier",
               "weight":42
            },
            {
               "name":"#macron",
               "weight":41
            },
            {
               "name":"#euthanasie",
               "weight":38
            },
            {
               "name":"#m\u00e9dias",
               "weight":37
            },
            {
               "name":"#suicideprevention",
               "weight":36
            },
            {
               "name":"#facebook",
               "weight":35
            },
            {
               "name":"#suicid\u00e9",
               "weight":35
            },
            {
               "name":"#gendarme",
               "weight":34
            },
            {
               "name":"#harc\u00e8lement",
               "weight":34
            }
         ]
      }
   ],
   "2019":[
      {
         "hashtagsAssocies":[
            {
               "name":"#police",
               "weight":405
            },
            {
               "name":"#policiers",
               "weight":133
            },
            {
               "name":"#giletsjaunes",
               "weight":125
            },
            {
               "name":"#pr\u00e9vention",
               "weight":104
            },
            {
               "name":"#fdo",
               "weight":102
            },
            {
               "name":"#france",
               "weight":100
            },
            {
               "name":"#policier",
               "weight":93
            },
            {
               "name":"#prevention",
               "weight":89
            },
            {
               "name":"#macron",
               "weight":89
            },
            {
               "name":"#francetelecom",
               "weight":86
            },
            {
               "name":"#agriculteurs",
               "weight":86
            },
            {
               "name":"#depression",
               "weight":80
            },
            {
               "name":"#sant\u00e9",
               "weight":80
            },
            {
               "name":"#prison",
               "weight":75
            },
            {
               "name":"#sant\u00e9mentale",
               "weight":69
            },
            {
               "name":"#suicideprevention",
               "weight":68
            },
            {
               "name":"#agriculture",
               "weight":62
            },
            {
               "name":"#mentalhealth",
               "weight":62
            },
            {
               "name":"#orange",
               "weight":56
            },
            {
               "name":"#d\u00e9pression",
               "weight":55
            },
            {
               "name":"#travail",
               "weight":53
            },
            {
               "name":"#gendarme",
               "weight":51
            },
            {
               "name":"#harcelement",
               "weight":50
            },
            {
               "name":"#castaner",
               "weight":48
            },
            {
               "name":"#gendarmerie",
               "weight":48
            }
         ]
      }
   ],
   "2020":[
      {
         "hashtagsAssocies":[
            {
               "name":"#depression",
               "weight":61
            },
            {
               "name":"#pr\u00e9vention",
               "weight":52
            },
            {
               "name":"#police",
               "weight":45
            },
            {
               "name":"#santementale",
               "weight":35
            },
            {
               "name":"#handicap",
               "weight":34
            },
            {
               "name":"#coronavirus",
               "weight":32
            },
            {
               "name":"#covid19",
               "weight":30
            },
            {
               "name":"#mentalhealth",
               "weight":30
            },
            {
               "name":"#agriculteurs",
               "weight":27
            },
            {
               "name":"#confinement",
               "weight":25
            },
            {
               "name":"#travail",
               "weight":25
            },
            {
               "name":"#burnout",
               "weight":24
            },
            {
               "name":"#d\u00e9pression",
               "weight":24
            },
            {
               "name":"#prevention",
               "weight":23
            },
            {
               "name":"#sant\u00e9",
               "weight":23
            },
            {
               "name":"#faitsdivers",
               "weight":22
            },
            {
               "name":"#france",
               "weight":22
            },
            {
               "name":"#harcelement",
               "weight":22
            },
            {
               "name":"#covid_19",
               "weight":17
            },
            {
               "name":"#autisme",
               "weight":16
            },
            {
               "name":"#suicideprevention",
               "weight":16
            },
            {
               "name":"#policiers",
               "weight":14
            },
            {
               "name":"#sanitaire",
               "weight":14
            },
            {
               "name":"#policier",
               "weight":13
            },
            {
               "name":"#prison",
               "weight":13
            }
         ]
      }
   ]
}