country,1979,1980,1981,1982,1983,1984,1985,1986,1987,1988,1989,1990,1991,1992,1993,1994,1995,1996,1997,1998,1999,2000,2001,2002,2003,2004,2005,2006,2007,2008,2009,2010,2011,2012,2013,2014,2015,2016
Albania,0.0,0.0,0.0,0.0,0.0,0.0,0.0,0.0,0.005125267145773831,0.00847329851804501,0.011394114604685661,0.010228429920965322,0.009278306909109434,0.010384246064432799,0.012244555518855482,0.012959368913384638,0.014754981083603257,0.016298896319200423,0.019895912093734307,0.022573747789062647,0.024521344088868833,0.024305976744096073,0.025537772344636434,0.026898192176579294,0.027948049917075196,0.029384994247748764,0.02814916080978231,0.02701838830725719,0.02800168598249323,0.02946865684409555,0.02836977350505373,0.028771115552540513,0.02780054113682763,0.02691614609428275,0.02610181802474956,0.025338917670640893,0.024679823142132358,0.024629719670031767
Antigua and Barbuda,0.0,0.0,0.0,0.0,0.0,0.0,0.0,0.0,0.0,0.0,0.0,5.013936235767315e-05,4.548189661328153e-05,4.13714982646725e-05,7.558367604231779e-05,6.930143803949004e-05,6.387437698529548e-05,5.916114816406688e-05,5.51897700242283e-05,5.1597137803571764e-05,4.836557019500756e-05,9.103362076440476e-05,0.0001290873075550283,0.00012226450989354226,0.0001354822364401152,0.00016633015611933265,0.00015933487250820177,0.00015293427343730486,0.00016337039663064895,0.000157250036521321,0.00015138619799921947,0.00014604627184030717,0.00014111949815648542,0.0001366301832197094,0.00013249653819669827,0.00012862394756670502,0.0001378061190677441,0.00013752635348748704
Argentina,1.9420196141825627,1.5329623461554083,1.4086035456893806,1.3088582125245327,1.3411192374426215,1.3653313945307004,1.2983450410763187,1.2849609909580406,1.2778765386332809,1.2806518458707,1.2735715745884435,1.2505759759250838,1.2231446456209802,1.2029590550418825,1.1831490729284215,1.1624623216744059,1.141818362989142,1.123499784209712,1.1083485565115652,1.0967487611527214,1.0866534483563324,1.0857807532622468,1.0938213005675324,1.1004417212968272,1.1088640414467257,1.1165004135152492,1.1236826325520082,1.1313567767980355,1.1358326825745868,1.1413836650863562,1.1424813590605094,1.1451634221270326,1.1476260948579864,1.1554951225074044,1.1601131891426506,1.1677639575633583,1.1758870861760542,1.1734998719129552
Armenia,0.0,0.0,0.02170348789204874,0.02671812379397358,0.022237596362917573,0.018997138702565787,0.022478866531729966,0.023979479378858817,0.026539054535650794,0.027351309186924706,0.028876261032463175,0.03058501103818062,0.031382508663164256,0.03198016815859185,0.03321902562059867,0.034338862548567314,0.03580158830025811,0.0357333334910964,0.035459427240566686,0.034853866586312725,0.03429118926826036,0.03365968127763866,0.033110894387864756,0.03286877574304728,0.032360899903981805,0.030900446781280465,0.02960087853707926,0.029737219835031498,0.02974974922644117,0.02962590688061687,0.02932350655244881,0.029355300639901737,0.02931051976710202,0.029457467502169345,0.029453980441126022,0.029339122439965417,0.029503037309503398,0.03028080255879033
Aruba,0.0,0.0,0.0,0.0,0.0,0.0,0.0,0.0,0.0,0.0,0.0,0.0,0.0,0.0,0.0,0.0,0.00025549750794118194,0.00023664459265626753,0.0002207590800969132,0.00020638855121428705,0.0004111073466575642,0.0006144769401597322,0.000666951089034313,0.0008150967326236151,0.0008128934186406912,0.0009240564228851813,0.0010622324833880117,0.0011724960963526705,0.0012579520540559968,0.0012737252958227,0.0012867826829933652,0.001343625700930826,0.0014253069313805028,0.0014209539054849778,0.0014044633048850017,0.0014277258179904257,0.0015033394807390267,0.0015002874925907678
Australia,1.8051514171785754,1.3327105081441164,1.1682138265372322,1.1079775039994724,1.1551195888515517,1.1923636193067217,1.1457554470770328,1.1362397754164315,1.1399857896702699,1.1469481795491956,1.143600473190877,1.137010320184954,1.1354555489505735,1.1259666967713269,1.1055624294709823,1.0927797257256986,1.0765068125216775,1.0688348833061143,1.0701020458847748,1.0683445367918551,1.0616000829953185,1.0534865762960741,1.0487913447820867,1.0406136211222539,1.0301101528646073,1.0226902054639455,0.9796793155540402,0.976298416229657,0.9750435382107021,0.9753276265198412,0.9743367089427764,0.9753116079767553,0.9761659045978567,0.9803625536563809,0.9852575076844681,0.9936457197423096,1.0057215847854026,1.003679830147452
Austria,0.0,0.7847597384134205,0.9351372391747957,0.9951676479804726,1.108448090312095,1.1847413105680378,1.1614716037623527,1.1572319122464088,1.1515702976024984,1.1372288077196735,1.125503938230494,1.1018626271722252,1.07996763508237,1.0551386917422074,1.0282403288796913,1.0043164400682896,0.9827711642957563,0.9628772669442706,0.9421721589686136,0.9210605069315595,0.9009780243776984,0.8840502496483258,0.8677679104874186,0.8535489209851341,0.8388866534319877,0.8273077154091029,0.8172816727187362,0.8064903946231028,0.7963653354157614,0.7864546076540826,0.7764749481577965,0.7675461816567343,0.7598297139239646,0.7530919068887162,0.747412971967575,0.7424688749340481,0.7388287156382009,0.7523816751384984
Azerbaijan,0.0,0.0,0.06770544592410857,0.086751438985371,0.07220355362280645,0.06168206763919508,0.07334206453149184,0.08114268274664348,0.08839330597985279,0.09289476537062581,0.09550949006868864,0.09145419694039583,0.08905355356880525,0.0869628893523416,0.0839356722449939,0.0785878307367817,0.07399846573746481,0.07057924975973179,0.06879404833520059,0.06576055213065221,0.06294778960880233,0.06065114983428467,0.06415639185484907,0.06264018390212482,0.06199280047395557,0.061191016323456714,0.05861752920829511,0.0562628199278796,0.054990475505876435,0.05293036229307664,0.05095659424653727,0.04915917510144739,0.047500823079472995,0.045989719671754185,0.04459833475700864,0.04329482075095291,0.0421686724347297,0.04208306416717104
Bahamas,0.0,0.0004061903407936959,0.0004718149541749726,0.0003298533801725133,0.0009608837934594012,0.0016417280360242037,0.0014287415168472437,0.0012110848171140818,0.001263764501697657,0.0011214659803294867,0.0010053630533546172,0.0009025085224381167,0.0008186741390390676,0.0007446869687641051,0.0009447959505289724,0.0009702201325528606,0.0009581156547794322,0.0009761589447071035,0.0009658209754239954,0.0009803456182678634,0.0010640425442901664,0.0012517122855105656,0.0012048148705135976,0.0012022676806198321,0.0011612763123438445,0.001145829964377625,0.001168455731726813,0.0011555033993040811,0.0011926038954037372,0.0012108252812141715,0.0012565054433935215,0.0013582303281148567,0.001368859132117909,0.0013936278688410357,0.0014177129587046714,0.0013762762389637436,0.0013404777036589654,0.0013377563475601012
Bahrain,0.0,0.0,0.0,0.0,0.0,0.0,0.001047743779021312,0.00088812886588366,0.0014041827796640633,0.0021183246295112526,0.0018990191007809435,0.0017047383201608873,0.0015463844848515721,0.0014066309409988653,0.0012849224927194024,0.0011781244466713306,0.0010858644087500232,0.001005739518789137,0.0009382260904118813,0.00087715134266072,0.001233322039972693,0.001820672415288095,0.0022159987796946524,0.002608309544395568,0.0031354460433283804,0.00377015020537154,0.004355153181890848,0.004655998991313503,0.005129830454202377,0.005613826303811159,0.005949477581369325,0.006017106399820655,0.0060681384207288734,0.006134695226564952,0.006015342834130101,0.005955288772338443,0.005800384829851411,0.005788609242246045
Barbados,0.0021554046772281495,0.00203095170396848,0.0028308897250498353,0.002308973661207593,0.0031571896070808902,0.0032834560720484073,0.003333730205976902,0.0034717764757270344,0.0034402478101769555,0.0038005236000054825,0.004300719728239196,0.0046629606992636035,0.005003008627460968,0.0051300657848193905,0.005290857322962245,0.005336210729040732,0.005461259232242764,0.005058278168027718,0.00471872533707152,0.004411555282205385,0.004135256251673146,0.004119271339589316,0.003937162880428363,0.0037290675517530386,0.003541892752648726,0.0034374898931328747,0.00331062457322597,0.003330568621523528,0.003202059773960719,0.003097825719470023,0.003058001199584233,0.0029939485727262967,0.0028929497122079516,0.0028009187560040427,0.0027161790330323143,0.002636790925117453,0.002568204946262504,0.002562991133175895
Belarus,0.0,0.0,0.5633470552849172,0.8252931571916283,0.6868946432101205,0.5868005065903654,0.6958923681390642,0.7333522262564803,0.7725813653711676,0.8020350869323046,0.842382531705241,0.8607424335941751,0.8794379529144117,0.9002438022392737,0.9313798480314609,0.963220687310872,0.9900847804605727,1.024316119312654,1.0528552427522035,1.0760583088934892,1.090812887393103,1.1058309082356068,1.1164546084921807,1.1245074523275393,1.1349540492640509,1.0837333727597407,1.0381552137645502,0.9964517549292842,1.001444194306215,1.0057240585794125,1.0097459406547937,1.0100414114203804,1.0066194923000262,0.974596759924509,0.9703118981758805,0.9643451844866143,0.9392614519077315,0.9373546205791684
Belgium,2.278262743830154,1.743368942686543,1.521367319737199,1.4186993881219796,1.4890953416353694,1.5463905436465124,1.4733182521728778,1.4266579145603884,1.3977235388776088,1.3646994907298375,1.3306538546178,1.289534260476996,1.251843722383961,1.216404791977901,1.192105738539436,1.1668629629899134,1.1443094636915685,1.1194176649863914,1.103491856749433,1.0837462824262214,1.0607778683020033,1.0470687060321835,1.0364204778080632,1.0239448929401007,1.0130200364679471,1.0040242657216651,0.9977195638969132,0.9905213036593262,0.9826402616540272,0.9772618019690535,0.971293846362992,0.9664319946488645,0.9632958063659852,0.9603325687963715,0.9563865120114075,0.9528590659689075,0.95146355735973,0.9495319540606969
Belize,0.0,0.0008123806815873918,0.0004718149541749726,0.0003298533801725133,0.0002745382267026861,0.00046906515314977255,0.00038099773782593164,0.0005651729146532382,0.0007723005288152347,0.000685340321312464,0.0006702420355697449,0.0007520904353650973,0.0007731922424257861,0.0007033154704994326,0.0006802530843808602,0.0009009186945133704,0.0012774875397059096,0.001419867555937605,0.0013521493655935936,0.0015737127030089387,0.0019104400227027986,0.0022075653035368158,0.0024956879460638804,0.002649064381026749,0.0027483539392137656,0.0029939428101479876,0.003080474201825234,0.0031436489539890438,0.0031530486549715244,0.0032079007450349483,0.003315357736182906,0.0034174827610631876,0.003767890600778161,0.0038939602217617176,0.004001395453540288,0.004193140690674583,0.0044097958101678115,0.004400843311599585
Bermuda,0.0,0.0012185710223810878,0.0007077224312624588,0.0004947800702587699,0.0008236146801080583,0.0007035977297246588,0.0005714966067388975,0.00048443392684563273,0.00042125483389921897,0.00037382199344316224,0.00033512101778487244,0.0003008361741460389,0.0002728913796796892,0.000248228989588035,0.00022675102812695337,0.0002079043141184701,0.0001916231309558864,0.00017748344449220062,0.0001655693100726849,0.0001547914134107153,0.00014509671058502268,0.00013655043114660714,0.0001290873075550283,0.00012226450989354226,0.00011612763123438446,0.00011088677074622175,0.00010622324833880117,0.00010195618229153656,9.802223797838936e-05,9.435002191279259e-05,9.083171879953167e-05,8.76277631041843e-05,8.467169889389126e-05,8.197810993182564e-05,7.949792291801896e-05,7.7174368540023e-05,7.516697403695133e-05,7.50143746295384e-05
Bosnia and Herzegovina,0.0,0.0,0.0,0.0,0.0,0.0,0.0412430051196571,0.07532947562449588,0.09913530424428287,0.11463874465590308,0.1273459867582515,0.13748213158473976,0.14886224761527045,0.13540891382027312,0.12369268584325305,0.11341180335162544,0.10453041793643605,0.09681721897049544,0.09031805864464962,0.08443871601554519,0.07915025562412988,0.07448826019047419,0.07041712627126794,0.0666952901469273,0.06334762283835672,0.06048873344206397,0.05794478196881604,0.055617097440033195,0.0534711308172114,0.051467936953428356,0.049548702605144525,0.047800944773332535,0.046258971495695925,0.04478737405942074,0.04343236522087769,0.04618885957120377,0.044987433961115375,0.04489610321577872
Brazil,3.7277723892660846,2.9745318656322355,2.6780216798971446,2.5149670971253277,2.719438404603457,2.839134105727285,2.7087986665079176,2.6409722911867743,2.624558033470101,2.607283796934909,2.5866315757725378,2.5628233675501053,2.559266322429352,2.5433955988172716,2.5314862698473286,2.5253790528780367,2.5363556985206053,2.54733113707431,2.566489875436689,2.5779993932176595,2.573894731852815,2.5762059508222723,2.601281363643894,2.6206378824765,2.6408197526907253,2.6693957133022543,2.70812630864829,2.745781945293371,2.7845013772124436,2.824603781014228,2.86076012221105,2.897558033311694,2.938418414513971,2.9856017746621237,3.03456821431898,3.0826143897784095,3.1422801826407136,3.1359009170132226
Brunei Darussalam,0.0,0.0,0.0,0.0,0.0,0.0,0.0,0.0,0.0,0.0,0.0,0.0,0.0,0.0,0.0,0.0,0.0,0.00035496688898440125,0.0006346823552786255,0.0007997556359553623,0.0007980319082176247,0.0008648193972618452,0.0009036111528851981,0.0008762289875703861,0.0009290210498750757,0.000942537551342885,0.0010268247339417446,0.0011555033993040811,0.0012742890937190619,0.0013680753177354925,0.0013473371621930531,0.0013728349552988874,0.0013970830317492058,0.0014619429604508906,0.0014707115739833506,0.0014920377917737784,0.001540922967757502,0.0015377946799055367
Bulgaria,0.0,0.48986555099719725,0.5697165571662794,0.6225982550756188,0.6820902242428236,0.7598855481026315,0.7558995118466484,0.7544251020742654,0.7607862300219895,0.7655874425715963,0.767873958751071,0.755650330092492,0.7484046087715476,0.7436113098092236,0.7348244984834136,0.7244772332648288,0.7135087281142432,0.7059995616158921,0.6990336271268758,0.6923045964794241,0.6805519382139514,0.6719419132672626,0.6634872462815863,0.6552562633561241,0.6435019138801358,0.6331819420893839,0.623937656867395,0.6154754870999091,0.6064635863722949,0.5985093640037997,0.5893313301911615,0.5810889063982141,0.572253676974364,0.5659632079510022,0.5583934105761652,0.5513851384289511,0.537042973836005,0.5359527019365086
Cabo Verde,0.0,0.0,0.0,0.0,0.0,0.0,0.0,0.0,0.0,0.0,0.0,0.0,0.0,0.0,0.0,0.0,0.0,0.0,0.0,0.0,0.0,0.0,0.0,0.0,0.0,0.0,0.0,0.0,0.0,0.0,0.0,0.0,0.0005927018922572389,0.0005738467695227795,0.0005564854604261328,0.0005402205797801611,0.0005261688182586593,0.0005251006224067687
Canada,3.6156913460502214,2.7255371867256994,2.385024593354486,2.2474560058054194,2.386011728273045,2.4416013884328533,2.293511132277652,2.2404261726732435,2.2003544157335875,2.171282745249034,2.1414791571482987,2.0917640581997663,2.060875699341013,2.0280308449342463,1.9962782597916764,1.9602258256659955,1.9334454541564017,1.9073554168095161,1.880894957310713,1.8538851612823333,1.836295603593852,1.8102035489001886,1.790742159505871,1.7704716129317541,1.7544756072942862,1.7420681306800592,1.7350682422407016,1.725047626281653,1.7174803056986863,1.7113993224724928,1.7064706397066014,1.7039802720696,1.699106981703716,1.6986957419340027,1.7010170566768517,1.6512999636508725,1.6083477434686477,1.6050825739482328
Cayman Islands,0.0,0.0,0.0,0.0,0.0,0.0,0.0,0.0,0.0,0.0,0.0,0.0,0.0,0.0,0.0,0.0,0.0,0.0,0.0,0.0,0.0,0.0,0.0,0.0,0.0,0.0,0.0,0.0,0.0,0.0,0.0,0.0,0.0,0.0,0.0,0.0,0.0,0.0
Chile,0.0,0.21893659368780208,0.2804939902570212,0.30264047630828095,0.3424864378116009,0.37888737745672874,0.3728062864626741,0.3688156963051417,0.36937028019063184,0.3712052394890601,0.3732689603093837,0.37233490486808085,0.3735428168848812,0.3670065611059098,0.3632173552213582,0.36078328643358515,0.36223159188361065,0.36262825767164797,0.3633970407245313,0.36633967840535947,0.3685698276710551,0.3803839843640653,0.39455535554194404,0.4063664760495033,0.4179820540229612,0.43118320804668336,0.44282701844973893,0.4555402224785854,0.4681542085847876,0.48344951228114924,0.49793948245903263,0.5095992563323838,0.5210131871937442,0.5295922531779156,0.5365977300428083,0.5439249494700822,0.5528029827257525,0.5516807158171685
Colombia,0.0,0.0,0.0,0.0,0.0,0.12383320043153993,0.19592808667698536,0.24342804823993044,0.27844944520738374,0.30391728066929086,0.3188676484223061,0.3296161681393433,0.34493470391512715,0.3586908899547106,0.368659379896405,0.3795293254232672,0.3865357923265156,0.39377660218002913,0.40161595646630943,0.42841103518305634,0.4534030377930984,0.4803616583685728,0.5060007310644518,0.5277343795371595,0.5451611648298178,0.562029597527225,0.5756060788732404,0.5894766606155672,0.6023629894168657,0.6147061177654958,0.6258305425287732,0.6345272372645826,0.6419667090636679,0.6504963023090364,0.6582163024535576,0.6663234979745587,0.6782065510773996,0.6768296974907817
Costa Rica,0.0,0.049555221576830906,0.0516637374821595,0.05096234723665331,0.060535678987942286,0.06496552371124349,0.06496011429932134,0.06564079708758323,0.06543491753234534,0.0666649221640306,0.06909078316664787,0.06989427112659637,0.06908700095557466,0.06900765910547374,0.0692346472547631,0.06909353372537157,0.07035762624930297,0.07134834468586465,0.07171910614648468,0.07280356144083976,0.07387840847287404,0.07496618669948732,0.07512881299702648,0.07676173479482895,0.07900549844979289,0.08144633311309989,0.08283642982954179,0.08545627345735624,0.08656997317458087,0.08743102030585446,0.08837926239194431,0.08980385255460487,0.09123375555816783,0.09245764498477735,0.09378104973562303,0.09448715188250151,0.09202943187924074,0.09184259933809816
Croatia,0.0,0.0,0.0,0.0,0.0,0.0,0.10001190617930707,0.1689867014813182,0.2278988651394775,0.27158167823645735,0.3016089160063852,0.3278612904568247,0.3475271720220842,0.36394507023432404,0.3735345270011345,0.38015303836562264,0.38005254306250813,0.3816189862323134,0.3821063727627447,0.38377951098296675,0.3836598855718975,0.38213638156378005,0.3802051498520767,0.3779196000809391,0.37569224164843945,0.37483424737914495,0.3745431736426129,0.37302368561063515,0.37129190042247584,0.36985208589814694,0.3680198473361025,0.36637167753859456,0.36391896184594463,0.362944418704836,0.3611325645089208,0.3598640805021273,0.3597616655698552,0.3675704356847381
Cuba,0.0,0.0,0.0,0.0,0.0,0.0,0.0,0.0,0.0,0.0,0.0,0.0,0.0,0.09511307451048208,0.17660125907287552,0.24085714790624763,0.29295983004305776,0.33091788225570806,0.3646940003201007,0.39399574426807393,0.4188942034589605,0.43621035229783656,0.4479114426646891,0.4569636057271142,0.46303957494190234,0.4701414268355226,0.4751011820700114,0.4793979691348049,0.48225307381401256,0.4858397128362733,0.4900825387828731,0.49554960498134626,0.5004097404628973,0.5049168420884361,0.5095021879815834,0.5132995875544497,0.518877621777075,0.5178242280677035
Cyprus,0.0,0.0,0.0,0.0,0.0,0.0,0.0,0.0,0.0,0.0,0.0,0.0,0.0,0.0,0.0,0.0,0.0,0.0,0.0,0.0,2.418278509750378e-05,0.00018206724152880952,0.00017211641007337106,0.000163019346524723,0.00015483684164584595,0.0002772169268655544,0.0005665239911402729,0.0008666275494780608,0.0011435927764145426,0.0017454754053866628,0.002164822631388838,0.0026434375203095595,0.0029776214111018424,0.0033747655255268218,0.0038688989153435895,0.0043217646382412885,0.004710463706315617,0.005150987057894969
Czech Republic,0.0,0.0,0.0,0.0,0.0,0.0,0.0,0.1748806475912734,0.28799788810909943,0.3778717317054632,0.4455433931449879,0.500090000155432,0.5402339679725581,0.573781309432743,0.5965819550020143,0.6118623964506575,0.6192940220609323,0.6199792521853389,0.6243342733990828,0.6253057130414862,0.6250766292002777,0.6257878675397095,0.6265037326670707,0.6246493810461073,0.6265666343251214,0.6275451979097844,0.628859334040426,0.6273873677309703,0.6257086190953854,0.6239524199129496,0.6228482344281886,0.6228143262629899,0.6242421000952133,0.6270368998502123,0.6289610668197266,0.6297299848918311,0.6307260791440586,0.6459237751434118
Denmark,0.0,0.0,0.0,0.0,0.0,0.0,0.0,0.0,0.0,0.0,0.0,0.0,0.0,0.0,0.0,0.03461606830072527,0.0614152134713616,0.08326931604092414,0.10022462236399861,0.11338471032334893,0.12471062274782699,0.1339332145496305,0.1422542129256412,0.14875515370380976,0.153540083097062,0.158826817965505,0.1633182443209068,0.1678028833548206,0.17082008671700655,0.17390281538892888,0.17683421788288825,0.1788190552412721,0.18109865198421776,0.18436876923667586,0.18687311747262325,0.18950166195002652,0.1916382003072074,0.1912491481180081
Dominica,0.0,0.0,0.0,0.0006597067603450266,0.0005490764534053722,0.00046906515314977255,0.00038099773782593164,0.0003229559512304218,0.00028083655593281266,0.00024921466229544146,0.00022341401185658162,0.0002005574494306926,0.00018192758645312613,0.00016548599305869,0.00015116735208463557,0.00013860287607898007,0.00012774875397059097,0.00011832229632813377,0.0001103795400484566,0.00010319427560714353,9.673114039001512e-05,9.103362076440476e-05,8.605820503668553e-05,8.15096732623615e-05,7.741842082292297e-05,7.39245138308145e-05,7.081549889253411e-05,6.797078819435771e-05,6.534815865225958e-05,6.29000146085284e-05,6.055447919968779e-05,5.841850873612287e-05,5.6447799262594175e-05,5.4652073287883755e-05,5.299861527867931e-05,5.144957902668201e-05,5.011131602463422e-05,5.000958308635893e-05
Ecuador,0.2608039659446061,0.19294041187700556,0.18778235176163907,0.19164481388023025,0.21221804924117632,0.22691026783620244,0.22174068341469225,0.21839896201957276,0.2172972851530138,0.2218633531085168,0.22296718383286845,0.2226187688680688,0.22440767788993107,0.22501957906155373,0.2272423220212284,0.22609594160383625,0.22582785983151216,0.2267055197647043,0.22746463715485696,0.22674362207779608,0.22743909384202307,0.22619578919435473,0.22639762290026047,0.22618934330305315,0.2279004762974795,0.2322338601995038,0.23916164363481082,0.24484777177312508,0.25181912936648226,0.25697800968314277,0.26198895425744917,0.26606709803867157,0.27004627167225054,0.27479062449147956,0.27543380360329633,0.27682445995306254,0.28306629639415254,0.28249163245906994
Egypt,0.0,0.006092855111905439,0.003538612156312294,0.00247390035129385,0.002059036700270146,0.0017589943243116468,0.0014287415168472437,0.0012110848171140818,0.002597738142378517,0.002305235626232834,0.0020665796096733797,0.0018551564072339065,0.0016828301746914167,0.001530745435792883,0.001398298006782879,0.0012820766037305656,0.0011816759742279664,0.0010944812410352371,0.0010210107454482237,0.0009545470493660777,0.0008947630486076399,0.001934464441243601,0.0028829498687289656,0.0034641611136503637,0.004103176303614918,0.004915980169749165,0.005629832161956462,0.006134363634540783,0.006420456587584504,0.006824651585025331,0.007357369222762065,0.007798870916272403,0.010019484369110467,0.012583639874535235,0.014177129587046713,0.014894653128224442,0.015108561781427218,0.015077889300537215
El Salvador,0.0,0.0,0.11252786657073095,0.16872000395824055,0.22278777096922975,0.2558750410432009,0.20783426598404575,0.17617247139619507,0.1531963412613493,0.13594659828216332,0.12187234346776527,0.13803366457067417,0.14677008037105949,0.15084048267299596,0.1538127807461167,0.14102842641036223,0.1497854140305179,0.15470640244903489,0.1602434972653469,0.16302115689038496,0.16526515335634082,0.16602256586908318,0.16800713078286933,0.16801181401204265,0.1697785968646701,0.1706917024353507,0.17156824994188702,0.17166022558485042,0.17322163154747705,0.17443746551310135,0.17559285105929465,0.17522631695400054,0.17615946954874076,0.17755092309401235,0.1785920838353296,0.1783371033012365,0.17369834917038837,0.17334571737309162
Estonia,0.0,0.0,0.12833366753559255,0.16904985733841307,0.1407008411851266,0.1201979454946292,0.14239790451244194,0.15485737861498725,0.16246394760713212,0.1679083787215537,0.1733134196977432,0.1770420884849439,0.17983541920891516,0.18406179577952797,0.18982840238028115,0.1953261031143027,0.19900062149768807,0.2004379699798586,0.2013874708184091,0.2005838732113852,0.19933869755872366,0.19617745274729226,0.19408276690898507,0.1913847128200248,0.18839772707258307,0.18586470889912537,0.18288102588996935,0.1797317566829304,0.17689746547166668,0.17407579042910232,0.17165680991131493,0.16885869950176313,0.16623876882833982,0.16418849117512477,0.16210951448366034,0.1604712369842212,0.15874012133703505,0.15841785682181347
Fiji,0.0,0.0,0.0,0.0,0.0,0.0,0.0,0.0,0.0,0.0,0.0,0.0,0.0,0.0,0.0,0.0,0.0,0.0,0.0,0.0,0.0,0.0,0.0007745238453301698,0.0015894386286160493,0.0017032052581043055,0.002069886387262806,0.002372319212899893,0.0026848461336771295,0.002793633782384097,0.0032708007596434765,0.0035424370331817354,0.0034174827610631876,0.003838450349856404,0.004153557569879166,0.004027894761179627,0.003910168006027832,0.003808460017872201,0.0038007283145632784
Finland,0.0,0.0,0.0,0.0,0.0,0.0,0.0,0.0,0.09569505643410592,0.17226963531172393,0.2333559353841995,0.2852929718151603,0.32669646337320124,0.3572015160171824,0.37908992719024487,0.3956419097674487,0.40898763583684694,0.4156958075748159,0.4242713570612551,0.42833363947635095,0.4306954025865424,0.43184073850114507,0.4341421298588194,0.4335091972458696,0.4325560717428764,0.43269866058021506,0.43209847036752,0.43278700113052415,0.4323434176433494,0.4323904254226763,0.431919961511573,0.4306174325211457,0.42896093854626877,0.42724258292803124,0.4260691178791226,0.4237644576532663,0.4218996974404017,0.4210431823998274
France,10.769479469770449,8.285876761850604,7.309593177555762,6.983985618392624,7.448222090443873,7.783315352502463,7.512703893320634,7.379785702578561,7.2711392696564525,7.175077038482482,7.086580749084841,6.933321166181401,6.812414920427148,6.678476850371289,6.563610843838834,6.435296885628025,6.308808340460649,6.176926738087976,6.069660527724581,5.946312146172628,5.822198974504815,5.726174054917397,5.638017244773416,5.55690159724318,5.488385398189067,5.440363708608047,5.4012220276566385,5.36136584580045,5.319944584761463,5.283443977079863,5.245365235855155,5.211924093910674,5.182980480492135,5.151217504731162,5.122567910106929,5.087077126263184,4.954756371935709,4.944697527663738
French Guiana,0.009699321047526672,0.0036557130671432633,0.002123167293787377,0.0014843402107763098,0.0012354220201620874,0.001055396594586988,0.0008572449101083462,0.000726650890268449,0.0006318822508488285,0.0005607329901647434,0.0005026815266773086,0.0004512542612190584,0.0004093370695195338,0.00037234348438205256,0.0003401265421904301,0.00031185647117770515,0.0002874346964338297,0.000266225166738301,0.0002483539651090274,0.00023218712011607292,0.00021764506587753404,0.0002048256467199107,0.0003442328201467421,0.0005501902945209402,0.0009677302602865372,0.0014230468912431794,0.0018057952217596198,0.0019541601605877843,0.0022545114735029554,0.0024845505770368717,0.0026341198451864186,0.0027748791649658358,0.0029776214111018424,0.003142494214053316,0.0032991638010977866,0.0033956722157610125,0.0033073468576258584,0.0033006324836996888
Georgia,0.0,0.0,0.07289541042003325,0.09367835996899379,0.07796885638356284,0.0666072517472677,0.07686629360638171,0.0843722422589477,0.08923581564765122,0.09345549836079056,0.09757606967836202,0.09742078106095894,0.09628517513031701,0.09602324747230488,0.0877148560471098,0.08468635728425683,0.08246182068801647,0.08116909528109977,0.08057706423537332,0.07915000939067908,0.07876333106256982,0.07708271838225973,0.07502124024073062,0.07105605766646364,0.0674895083523831,0.06767789241211068,0.0663718263370276,0.0649290954226602,0.0641228806775297,0.061720639334618486,0.062265143237078956,0.06170454985252977,0.06102007100286431,0.06049984512968732,0.060749662763186156,0.06146938454212832,0.06227583798961418,0.062149409380572555
Germany,0.0,0.0,0.0,0.0,0.0,0.0,0.0,0.0,0.0,0.0,0.0,0.698140481468241,1.2704912999954063,1.7124490561713244,2.043858183860315,2.314668030518967,2.545010676602113,2.7188393056019398,2.8745315768269197,2.988067645911546,3.0708026000363224,3.1419343870626655,3.210465882547332,3.268517520402381,3.3203599414639324,3.369017312197083,3.4091466360602083,3.438302320811585,3.459351811614328,3.478496607880837,3.493796647764586,3.517042504576725,3.5416760452333147,3.564216937579271,3.590086450016277,3.6165709833120716,3.648880531991753,3.641472797224768
Greece,0.29852354779609874,0.24005849140907431,0.21538352658087498,0.20780762950868337,0.22347411653598648,0.2365261034757728,0.2306941302536016,0.22728025067840935,0.2264244732208302,0.22603769870196544,0.2240284003891872,0.21860761987945493,0.21562967184356774,0.2106636691637124,0.20800627646845854,0.20301856273668606,0.19893674712070275,0.19478808033019018,0.1920328047993024,0.18992906425494763,0.18724730500997178,0.18491204217769716,0.18199158910133076,0.17895448764751468,0.17723011986887643,0.1757555316327615,0.1754453985062533,0.17509275038866545,0.17369540569770595,0.17305366519171375,0.1725197112399105,0.17194027583759364,0.17287138524169465,0.17431278775170525,0.17610114891723166,0.17822134174842647,0.1802128202535908,0.17984696317431828
Grenada,0.0,0.0,0.0,0.0,0.0,0.0,9.524943445648291e-05,8.073898780760545e-05,7.020913898320317e-05,0.00031151832786930185,0.0005026815266773086,0.0005515329859344046,0.0005003008627460969,0.00045508648091139756,0.0005290857322962245,0.0006237129423554103,0.000606806581360307,0.0005916114816406688,0.0005518977002422831,0.0005159713780357176,0.00048365570195007564,0.0004551681038220238,0.0004302910251834277,0.00040754836631180753,0.00046451052493753784,0.00046202821144259067,0.0005488201164171395,0.0005437663055548617,0.0005717963882072713,0.0005503751278246235,0.0005298516929972681,0.000511161951441075,0.0005080301933633476,0.0005191946962348957,0.0005034868451474534,0.000488771000753479,0.00047605750223402515,0.0004750910393204098
Guadeloupe,0.0,0.0,0.006133594404274643,0.004288093942242673,0.003568996947134919,0.003048923495473521,0.002476485295868556,0.0020992136829977416,0.0018254376135632825,0.0016198953049203697,0.0014521910770677804,0.001303623421299502,0.00118252931194532,0.0010756589548814852,0.0009825877885501313,0.0009009186945133704,0.0008303669008088413,0.0007690949261328694,0.000717467010314968,0.0006707627914464328,0.0006287524125350983,0.001433779527039375,0.0020653969208804528,0.0026898192176579294,0.003154800648534111,0.003733187948456133,0.004390560931337116,0.004876904052945165,0.005244189731843831,0.005723901329376084,0.006100863779368544,0.00652826835126173,0.006759623961695652,0.007091106509102918,0.007393306831375763,0.007498776143138903,0.007303724310590438,0.0072888967348368125
Guatemala,0.09591550813665266,0.0714894999796905,0.05048420009672207,0.03529431167845892,0.02937559025718741,0.029785637225010556,0.024193356351946662,0.03689771742807569,0.04900597901027581,0.05432879638040624,0.057193987035284895,0.05926472630676967,0.06085477766857069,0.06251233387792016,0.06333912052346231,0.06299500717789645,0.06480055545158227,0.0646631349433251,0.06526190305364998,0.06619912780198257,0.06771179827301058,0.06786556427986375,0.06850233120920168,0.07013907384226208,0.0715152662351751,0.0729080517656408,0.07405530796686756,0.07614427547472923,0.078548486700016,0.08334251935630012,0.08797051965734642,0.0900083173351813,0.09203813669765981,0.09484867319112227,0.0980076893040977,0.10172868013050701,0.10527134713875035,0.10505763166866851
Guyana,0.0,0.0,0.0,0.0,0.0,0.0014071954594493175,0.001142993213477795,0.0009688678536912655,0.0008425096677984379,0.004236649259022505,0.009048267480191555,0.012584979951775961,0.016191555194328227,0.017955230246867866,0.0191226700387064,0.02051322565968905,0.02206859724841959,0.022215011135607112,0.0218275540445823,0.021309617912875136,0.02391677446143124,0.02250806273399908,0.025516257793377264,0.02775404374583409,0.030193184120939957,0.03226805028715053,0.033902920094800705,0.03595654695481523,0.03759152826471232,0.03882503401711415,0.039738876974795105,0.04133109493080693,0.042646312342889896,0.04410422314332219,0.045552309832024865,0.044220913173433185,0.04307067612317311,0.042983236662725494
Hong Kong SAR,0.7123612458239034,0.5455136276859336,0.43878790738272444,0.38065080071908036,0.3796863675298149,0.3826398986819269,0.37880700083343255,0.3755977712809806,0.3700723715804639,0.3644764436070832,0.36047850813059445,0.3575437929725673,0.3583518634160452,0.3562499715570949,0.348440746555085,0.34550231934587755,0.3415362937403749,0.3394075070172517,0.334312031921763,0.3343752515360468,0.3344479178984773,0.3350037244130095,0.33814420214039664,0.3414643987143479,0.3456345397639396,0.3535439873958704,0.35891065226208607,0.36218234489363504,0.3632050657892587,0.36338910939712066,0.3653403116315163,0.3671603274065322,0.3662897694149736,0.36586830462573783,0.3680091348413294,0.3691635919112001,0.3719637710218537,0.3712086328542707
Hungary,5.137407048173294,3.8848044193509077,3.405324431757865,3.1484505137466394,3.293909643978828,3.3885266663539566,3.202381235861412,3.1034452133487385,3.034438986854041,2.965467570319032,2.903991179614812,2.8141218516867634,2.7343261424938725,2.6526990972325364,2.562777911728848,2.4753780653325443,2.3890294480040217,2.3143841161782963,2.2475481944666735,2.1849581959989517,2.128544561497185,2.0775692930852454,2.02809068899705,1.9787492055354035,1.93362183307853,1.8970323927979043,1.863616076605374,1.830572274953393,1.7999660189575009,1.7714688364236373,1.742651941028415,1.7175333660963803,1.6937444407737694,1.6719572150779058,1.6490916633575654,1.6256523485060717,1.6067692370138715,1.6255364934305536
Iceland,0.0,0.0,0.0037745196333997806,0.006267214223277753,0.010706990841404758,0.014306487171068062,0.01466841290629837,0.015421146671252642,0.01593747454918712,0.016323560380351418,0.015862394841817295,0.016245153403886103,0.01641896467739463,0.016093512824957603,0.01568361277878094,0.015246316368687807,0.014914667026066494,0.014790287041016719,0.014708073711456845,0.01452459429170545,0.014364574347917245,0.014656412943069165,0.014629894856236541,0.014467967004069167,0.014244989431417828,0.014248950040889496,0.014233915277399358,0.014205894732620761,0.014262235625855654,0.01432547832709234,0.014336272950526082,0.014502394793742502,0.014394188811961514,0.014441810366323284,0.01465411712455483,0.014791753970171077,0.014908116517328682,0.015377946799055369
Iran (Islamic Rep of),0.0,0.0,0.0,0.0,0.0,0.0,0.0,0.0,0.0,0.0,0.0,0.0,0.0,0.0,0.0,0.0,0.0,0.0,0.0,0.0,0.0,0.0,0.0,0.0,0.0,0.0,0.0,0.0,0.0,0.0,0.0,0.0,0.0,0.0,0.03235565462763372,0.06337301896611557,0.09144062391595129,0.09125498673683344
Ireland,0.20799655135251643,0.16572565904382794,0.14885761804220385,0.1438160737552158,0.15840855680744986,0.16253107556639618,0.15830456006667462,0.15695659229798498,0.15368780523423173,0.1529554989838272,0.15264762360100936,0.15377742435098354,0.1551842312445166,0.156136034450874,0.15494653588675145,0.15572033127473411,0.15639641204849597,0.1569249455051874,0.1592500814049108,0.16173122844529567,0.1618553806575928,0.16285914754752012,0.16445722982510605,0.1649144464280729,0.16542381069338066,0.1665334485323674,0.16751406263028945,0.16846559853971557,0.16944777538530909,0.17105658972789295,0.1726559588181098,0.17366362184530926,0.1756232154557461,0.1774416189474366,0.17852583556623125,0.1795590308031202,0.17488849292597342,0.17453344497139264
Israel,0.26834788231490464,0.19497136358097406,0.16277615919036553,0.1481041676974585,0.15689859656058508,0.16053754866550965,0.1526848434337421,0.15187003606610586,0.15109006709185321,0.1529554989838272,0.1568366363233203,0.15603369565707886,0.1578676631447002,0.15936301131551847,0.159594931963354,0.16074468553259716,0.15965400527474605,0.1569249455051874,0.15684932640885685,0.15484301054851884,0.1540443410710991,0.15393785271260843,0.15408721611818546,0.1537272437728138,0.15408201204282246,0.15472400744789477,0.15574098593940566,0.1557210757532735,0.15503850640248584,0.1547969359515884,0.1551405757096001,0.15667844043028153,0.15716478509687784,0.15804013293023786,0.15818761695303807,0.15847756579693725,0.1586398987049858,0.15831783765564075
Italy,4.2784782842978775,3.3002965189487794,2.8445723587209097,2.680883347352102,2.822252970503613,2.933298935222102,2.8358614120728656,2.7825884758013144,2.7367522375652595,2.7015492429481593,2.6643796518986282,2.6125114756465595,2.572365108653977,2.527839915469755,2.486627358116213,2.437123671534746,2.3921912296647934,2.3543770523372056,2.3258624781310537,2.2906549327895687,2.2467016494835885,2.2078611628042997,2.1738948028804543,2.1419111939883355,2.1132712785981225,2.0915647509436925,2.0698485132551565,2.049574154515614,2.0318702969747067,2.017140568480897,2.0020824685396774,1.989719802925161,1.9812048585185302,1.9763419372547744,1.9733901902478042,1.9690525637196605,1.967796213313349,1.9638013134266854
Jamaica,0.0,0.0,0.0004718149541749726,0.0004947800702587699,0.0013726911335134304,0.0016417280360242037,0.002095487558042624,0.0018569967195749253,0.002527529003395314,0.0025544502885282753,0.0022899936215299618,0.0022061319437376185,0.002046685347597669,0.0018617174219102627,0.0017006327109521503,0.0015592823558885258,0.0014371734821691483,0.0013311258336915048,0.001241769825545137,0.0011609356005803646,0.00108822532938767,0.0010924034491728571,0.0011402712167360833,0.0011207580073574707,0.0011032124967266523,0.0010719054505468103,0.0019297223448215546,0.0018522039782962478,0.0017807373232740734,0.0017140253980823987,0.002195099870988682,0.002161484823236546,0.0027941660634984117,0.002705277627750246,0.0026234314562946256,0.0025467541618207595,0.002480510143219394,0.002475474362774767
Japan,22.320293135036103,16.70539014582233,14.414654572476673,13.46428512526182,14.617925149897873,15.328111074628264,14.665460173830219,14.488853579038222,14.260599473712293,14.067669257253081,13.784923799065908,13.3775328525637,13.034520304710515,12.715240391159242,12.384234152181685,12.073696535239954,11.806827276658451,11.58540932267289,11.450111207386598,11.516326366343806,11.547497529123934,11.549845117673472,11.54535364220914,11.54064897594303,11.57842805380348,11.610953764836882,11.660285305022713,11.697738662854865,11.747360751242432,11.780166335943631,11.802961174587344,11.81616571578373,11.823499585743713,11.807225195370915,11.794378092386392,11.76294297765982,11.746267865780348,11.722421308983334
Kazakhstan,0.0,0.0,0.799490439849491,1.1147394982930088,0.9278019371417275,0.792602842534828,0.9798309322538397,1.0457313700841058,1.0952625681379695,1.1451413732475535,1.2067149315403614,1.2423029811360677,1.2670801577494102,1.2914113183317522,1.3315576208375126,1.36031792727715,1.404086554890765,1.4416684390360637,1.4729873670616414,1.488371037081831,1.4916667331693259,1.5045809255888907,1.5165176891564724,1.5227637158874376,1.5299621869078095,1.5421208018961639,1.5463626415668212,1.5535063495761428,1.5612165213214706,1.5655813636062716,1.5653030100723293,1.562797341081575,1.5580721552461243,1.5527747062553534,1.5523294415125168,1.5470759789375712,1.5428146699374323,1.539682541667047
Kiribati,0.0,0.0,0.0,0.0,0.0,0.0,0.0,0.0,0.0,0.0,0.0,0.0,0.0004548189661328153,0.0005792009757054151,0.0009825877885501313,0.0012474258847108206,0.001213613162720614,0.0013015452596094714,0.0013521493655935936,0.0013673241517946516,0.0012816876101677003,0.001206195475128363,0.0011402712167360833,0.0010800031707262898,0.0010257940759037295,0.000979499808258292,0.000938305360326077,0.0009006129435752396,0.0008658631021424394,0.0008334251935630012,0.0008023468493958631,0.0007740452407536279,0.0007479333402293728,0.0007241399710644598,0.0007022316524425008,0.0006817069221035367,0.0006639749373264035,0.0006626269758942557
Kuwait,0.004310809354456299,0.005686664771111743,0.005661779450099671,0.004288093942242673,0.00452988074059432,0.005511515549509826,0.006095963805214906,0.006459119024608437,0.0067400773423875035,0.005981151895090596,0.005361936284557959,0.004813378786336623,0.004366262074875027,0.00397166383340856,0.004308269534412114,0.004989703538843282,0.005429322043750116,0.005916114816406688,0.0064296082078225975,0.006914016465678617,0.007593394520616187,0.007919925006503214,0.008132500375966783,0.00861964794749473,0.009038600631076258,0.009462337770344257,0.00998498534384731,0.010348552502590962,0.01078244617762283,0.011117577582057394,0.011626460006340053,0.011785934137512789,0.011966933443669964,0.012351368563061729,0.012520922859587986,0.013029605888507219,0.012690690783238617,0.012664926916620398
Kyrgyzstan,0.0,0.0,0.12007690583753051,0.16904985733841307,0.1407008411851266,0.1201979454946292,0.14192165734015955,0.15073969023679937,0.16442980349866182,0.17569633691828626,0.18688582091803052,0.1951925376584216,0.20175769337651686,0.20383737195004145,0.20747719073616233,0.210364515168872,0.2132126703769163,0.2116785881310313,0.21115606011269752,0.21054212080747456,0.21080133769494047,0.20999180469829068,0.21056291317351034,0.21098778923962277,0.20966843819368114,0.2083007988467776,0.20786119312431076,0.20737887478098535,0.20725168516564124,0.20692532305840627,0.20614258581553713,0.20617352195696162,0.20586512391068093,0.20647553288162482,0.2061381141264232,0.20604270160710478,0.205907397545222,0.20548937690184882
Latvia,0.0,0.3351070311547991,0.3937295792590146,0.41841901274883314,0.46520502514770157,0.49990618696937006,0.4781521609715443,0.45835523378377613,0.44147506592638147,0.4299575961252104,0.423704673486007,0.41520405968389135,0.4110653815908385,0.4120187512178735,0.41790214483797505,0.41896184366773703,0.4188562270810751,0.41522251838950336,0.4117984690357795,0.406637043029949,0.39962052373624996,0.39360661778009515,0.3873264663188624,0.3805075322070191,0.37309872455087156,0.3666655886008399,0.3612298598508165,0.3549944340420817,0.3486977745684571,0.34392155487578113,0.3389082814608526,0.3333506154755011,0.32831451246106336,0.323936501395609,0.31921065982348545,0.3147942492747539,0.3114543569221078,0.3108220612774923
Lithuania,0.0,0.0,0.27247313603604667,0.3839493345208055,0.3195624958819266,0.27299591913316756,0.3368020002381236,0.35896553979261386,0.3858694278516846,0.40279319793500734,0.41683469262141715,0.4226748246751847,0.43530723248571757,0.4494185856491374,0.46948800373685695,0.4893721047158589,0.5051505103882094,0.5188136888247845,0.5290215405672405,0.5346495419206106,0.5386473552617992,0.544039676093274,0.5472871549308016,0.5499661429194687,0.5505223904718053,0.5511811751225529,0.5513517705025476,0.5470289033881909,0.5426674464880266,0.5398079253703907,0.5369062898240318,0.5328352181821766,0.5292263419864517,0.5250561310950213,0.5235468210304336,0.5202066935387818,0.5179004511145947,0.5271760201048526
Luxembourg,0.07867227071882746,0.048742840895243514,0.04269925335283502,0.04271601273234048,0.04667149853945664,0.04796191190956424,0.04419573758780807,0.041580578720916805,0.04135318286110667,0.04099581194760012,0.04082891066679029,0.04006135052378085,0.039842141433234626,0.03868235087746879,0.037754046183137734,0.03718022150818641,0.03628064612764783,0.0357333334910964,0.035569806780615144,0.03490546372411629,0.03441210319374788,0.03379623170878527,0.03351967086178902,0.033480098292514984,0.03272863740289069,0.032397418186354464,0.031902382251086624,0.031725365389716466,0.03177554214466122,0.03126130726043861,0.03082222991264108,0.030523670814624197,0.030270132354566125,0.030003988235048185,0.029626225940781733,0.02962209512461217,0.029653371257577298,0.029593170791352895
Macau,0.0,0.0,0.0,0.0,0.0,0.0,0.0,0.0,0.0,0.0,0.0,0.0,0.0,0.0,0.0,0.0009355694135331154,0.000862304089301489,0.0007986755002149029,0.0007450618953270822,0.0006965613603482188,0.000652935197632602,0.0006144769401597322,0.0005808928839976273,0.0005501902945209402,0.0005225743405547301,0.0004989904683579979,0.0004780046175246053,0.00045880282031191455,0.00044110007090275214,0.0004245750986075666,0.00040874273459789247,0.0003943249339688293,0.0003810226450225107,0.00036890149469321536,0.00035774065313108535,0.0003472846584301036,0.000338251383166281,0.00033756468583292273
Maldives,0.0,0.0,0.0,0.0,0.0,0.0,0.0,0.0,0.0,0.0,0.0,0.0,0.0,0.0,0.0,0.0,0.0,0.0,0.0,0.0,0.0,0.0,6.454365377751415e-05,0.00012226450989354226,0.00019354605205730745,0.0002032924130347399,0.00021244649667760234,0.00020391236458307312,0.0002777296742721032,0.0002673250620862457,0.0002573565365986731,0.0002628832893125529,0.00028223899631297085,0.0002732603664394188,0.00026499307639339653,0.00025724789513341005,0.0002505565801231711,0.0002500479154317946
Malta,0.0,0.0,0.0,0.00016492669008625664,0.0002745382267026861,0.00023453257657488627,0.00038099773782593164,0.0004036949390380273,0.00042125483389921897,0.0009345549836079056,0.002122433112637525,0.002306410668452965,0.002546986210343766,0.003061490871585766,0.0034012654219043007,0.003638325497073227,0.003896336996103024,0.003904635778828414,0.004056448096780781,0.004101972455383955,0.0044979980281357025,0.004756506684940149,0.005141977750941961,0.005257373925422317,0.005380580247193146,0.005581300794226496,0.005682943786125863,0.005896465875860532,0.006093715794323206,0.006085576413375122,0.006403636175366984,0.006630500741549946,0.0066890642126174096,0.006817846142663499,0.006903069640047979,0.007112904300438788,0.007353835626615072,0.007338906317923171
Martinique,0.0,0.0,0.008728576652236992,0.010555308165520425,0.008785223254485955,0.007505042450396361,0.007238957018692701,0.006136163073378015,0.005335894562723441,0.004735078583613388,0.00424486622527505,0.00381059153918316,0.0034566241426093967,0.0031442338681151104,0.002872179689608076,0.002633454645500621,0.002427226325441228,0.0022481236302345415,0.002097211260920676,0.001960691236535727,0.0018378916674102871,0.0024806661658300297,0.0032056681376165363,0.0036679352968062677,0.004103176303614918,0.004546357600595093,0.00481545392469232,0.005233750690965544,0.005554593485442064,0.006132751424331518,0.006297665836767529,0.006455245215341577,0.006759623961695652,0.00654458577622408,0.006704324832752932,0.00691996837908873,0.006739972005313303,0.006726288925115276
Mauritius,0.0,0.0,0.004482242064662239,0.005277654082760212,0.006863455667567152,0.019700736432290443,0.02590784617216335,0.024221696342281638,0.030892021152609393,0.03781832500333324,0.041945980726073195,0.04502514739719049,0.04707376299474639,0.048859739450578234,0.04984743434990858,0.05017424114059078,0.05093981564577314,0.05170684349539445,0.05160243497265347,0.052242102026116406,0.05317794442941082,0.05316363452641237,0.05268913603371072,0.052573739254223165,0.051638086688889626,0.05110032018555053,0.05075700883122383,0.050723200690039445,0.050840867431457944,0.05025711167221419,0.05012397015754156,0.049787174070360714,0.04977284699979242,0.049760712728618164,0.04955370528556515,0.04964884376074814,0.049660314180412515,0.050784731624197485
Mayotte,0.0,0.0,0.0,0.0,0.0,0.0,0.0,0.0,0.0,0.0,0.0,0.0,0.0,0.0,0.0,0.0,0.0,0.0,0.0,0.0,0.0,0.0,0.0,0.0,0.0,0.0,0.0,0.0,0.0,0.0,0.0,0.0,0.0,2.7326036643941878e-05,6.624826909834913e-05,7.7174368540023e-05,7.516697403695133e-05,7.50143746295384e-05
Mexico,1.1768509537665697,0.8339087696494577,0.7617452435154932,0.724852802929098,0.744684939931036,0.7434682677423895,0.7509465412549112,0.7749328049773971,0.7932930613712126,0.8100722597913326,0.8303740285679496,0.8419903120724052,0.8594259184045678,0.874303872827324,0.8871633975467051,0.9031016898116145,0.9242622349772255,0.9450401807728043,0.9740442511576054,0.9960827452979529,1.0141534586340162,1.0330722868396562,1.057504738042051,1.0795752449416627,1.104160872381733,1.1292893544079803,1.1574616255237469,1.1828446488552615,1.2072092088625173,1.2349788868238465,1.2649679318616778,1.2912973217304438,1.326170483925572,1.3575028483977447,1.3921013778712497,1.43087710470581,1.471756823814501,1.46876895285059
Mongolia,0.0,0.0,0.0,0.0,0.0,0.0,0.0,0.0,0.0,0.0,0.0,0.0,0.0,0.0,0.0,0.0,0.0,0.0,0.0,0.0,0.0,0.0,0.0,0.0,0.0,0.0,0.0,0.0,0.0,0.0,0.0,0.0,0.0,0.0,0.0,0.0,0.0,0.005626078097215379
Montenegro,0.0,0.0,0.0,0.0,0.0,0.0,0.0,0.0,0.0,0.0,0.0,0.0,0.0,0.0,0.0,0.0,0.0,0.0,0.0,0.0,0.0,0.0,0.0,0.0,0.0,0.0,0.0020890572173297563,0.0020051382517335525,0.0039045524794725094,0.0057396263330282155,0.0071454285455631586,0.006893384030862498,0.006660840312986113,0.006448944647970283,0.006253836602884159,0.006071050325148477,0.0059131352909068385,0.005901130804190353
Netherlands,1.5788339260696196,1.1759210365977497,1.0205357458804658,0.9666353305955503,1.0406371483165315,1.0979642572353299,1.0478390284557686,1.0177149413148667,0.9984441654801323,0.9809089107948578,0.9642548751730062,0.9383080271614953,0.9244195486649471,0.906532269975504,0.8868610628425357,0.8680351621636325,0.8483156007417093,0.8323677740943389,0.8198716285949237,0.805689306802773,0.7919620291581513,0.7794753777952157,0.7685858291826385,0.7599554386616274,0.75088126356153,0.7449742881300332,0.7415090889037248,0.7376359861822185,0.7312949064377738,0.7265266187358072,0.7225966002898743,0.7205338867513394,0.7195118733006567,0.7206149123373913,0.7234045992463332,0.7259149728822132,0.7304977093491053,0.7527067374285598
New Zealand,0.32546610626145056,0.25955562776717167,0.22623527052689935,0.21819801098411756,0.22992576486349958,0.24203761902528262,0.22878914156447194,0.22736098966621696,0.23021576672592317,0.23444869355443657,0.23614861053240674,0.23480263392098338,0.23455014083469286,0.23374896519539967,0.23026566906292115,0.22886799912541586,0.22835089772243133,0.22747461469083716,0.227712991119966,0.2276981691271622,0.2259155783808803,0.22303237087279168,0.22177199437953865,0.2195666823504863,0.21859091119352303,0.21787402338786804,0.21781077071871183,0.21801630313340237,0.21767471647067665,0.21769695056011676,0.21733002584767946,0.21749210802458543,0.21711234791375283,0.21770653394228492,0.21791705637210965,0.21154780656295974,0.20604520366428974,0.2056269032553363
Nicaragua,0.0,0.0,0.0,0.0,0.0,0.0,0.0,0.0,0.0,0.0,0.0,0.0,0.0,0.0,0.0,0.0,0.0,0.0,0.0,0.0,0.0,0.0,0.0,0.0,0.0,0.0,0.0,0.0,0.0,0.0,0.0,0.0051262241415947814,0.01016060386726695,0.014154886981561894,0.01837726984788205,0.021840346296826515,0.02521851978939717,0.025167322688210127
Norway,0.0,0.0,0.0,0.0,0.0,0.0,0.0,0.046747873940603556,0.08621682267137348,0.12061989655099369,0.14499569369492146,0.1632036244742261,0.1787438536901964,0.1880748311112012,0.1940988800766721,0.19636562468489505,0.1984896264818057,0.19913642472024914,0.20047683961300933,0.20156421882965309,0.20303866367864173,0.20339186719287133,0.20408703324449975,0.20336663478959194,0.20287497176646965,0.20349570544777465,0.20437352980385345,0.20520380955876594,0.20520955520775813,0.20546289771875798,0.2064756354511354,0.2071958458598438,0.20864517802436372,0.20904418032615538,0.21006001165704544,0.21096899879890957,0.2128728704726462,0.21244070895085268
Oman,0.0,0.0,0.0,0.0,0.0,0.0,0.0,0.0,0.0,0.0,0.0,0.0,0.0,0.0,0.0,0.0,0.0,0.0,0.0,0.0,0.0,0.0,0.0,0.0,0.0,0.0,0.0,0.0,0.0,0.0,0.0001968020573989853,0.00037972030678479863,0.00036691069520686215,0.00035523847637124444,0.0003444909993114155,0.00042445902697012657,0.0004134183572032323,0.0004125790604624611
Panama,0.032331070158422244,0.027620943173971322,0.024770285094186058,0.02308973661207593,0.024571171289890406,0.024391387963788168,0.025145850696511488,0.027935689781431485,0.030260138901760568,0.03227329876725967,0.03284185974291749,0.029481945066311813,0.02674335520860954,0.024326440979627433,0.02222160075644143,0.02037462278361007,0.01877906683367687,0.020735982431505443,0.023345272720248573,0.025643777488375166,0.027495826655861796,0.02913075864460952,0.031023982915725133,0.03264462414157578,0.034780225554698146,0.036648077731626295,0.03815185002835276,0.03976291109369926,0.04102230659395595,0.04241033484980027,0.04350839330497567,0.04417899723169292,0.044720768965790234,0.045142612535791986,0.045499311216746184,0.04606023562363707,0.04624021686173123,0.046146342792937695
Paraguay,0.044185795883177066,0.03777570169381372,0.03208341688389814,0.03067636435604374,0.03376820188443039,0.035062620197945496,0.034480295273246815,0.03374889690357908,0.03370038671193752,0.02990575947545298,0.030551866121387532,0.032390028083056854,0.032792447458175986,0.029828850248828878,0.027247915213255564,0.028725446067368623,0.030244517502537413,0.030941280489806974,0.03234120523419779,0.0337961252613395,0.03557287687842806,0.03698240843553943,0.03823135758754755,0.03981747538866359,0.04118659987779502,0.043652425417095964,0.04604777815487031,0.04846317198257705,0.050301745122576805,0.051908237055688054,0.05425681336292025,0.05559981568960494,0.05792955399323728,0.05984402025023272,0.0623131219139072,0.06536669015339949,0.06366642700929778,0.06353717531121901
Philippines,0.0,0.0,0.0,0.0,0.0,0.0,0.0,0.0,0.0,0.0,0.0,0.0,0.0,0.01435590989784136,0.045085662759242556,0.041338307790555806,0.03810106587172875,0.035289624879865894,0.055382934219313104,0.0745578641261612,0.09511089378848238,0.12143885009971596,0.14070516523498086,0.15977933701254413,0.18164296985578304,0.17344539057554856,0.1661508642766082,0.18985940412388969,0.21027403750330823,0.23101602865347265,0.25379896094569143,0.27574996586168393,0.3010078895677834,0.29143218080764016,0.2826151159735574,0.2743548801597818,0.267218592701362,0.26667610180800894
Poland,0.0,0.0,0.0,0.0,0.6225154290483407,1.1377175289647732,1.3951184664841052,1.5754598690898052,1.7218791335630577,1.816587977137047,1.8690816231921616,1.9270562528548099,1.9898329768310672,2.046358418665496,2.08183898107158,2.1000414769106666,2.111207845306479,2.1165196561435744,1.97444161750178,1.8459134034916815,1.8700547715899674,1.8928393181490772,1.9153544403989915,1.9348562464836219,1.9506925948699845,1.974874905861752,1.9988382717406679,2.0171860739410024,2.0256785589424053,2.03913984859023,2.0611533629989727,2.0812908153690333,2.097346205501318,2.1176312097222763,2.1359501929613334,2.149846384419421,2.1618272289607323,2.1574384191370672
Portugal,0.0,0.29611275843860435,0.3562202904021043,0.38642323487209934,0.4557334563264589,0.5103428866269525,0.5081557328253363,0.5067178874805318,0.5080333296824581,0.5018560261974453,0.4916225330904078,0.4849479127234147,0.4827448506533702,0.47494480007844037,0.46332793413940804,0.45122166307511963,0.4417232540418109,0.42844503500417236,0.41701390230306906,0.40421197755318117,0.39207549478582876,0.38090742768346064,0.3764616179329809,0.38122074184806476,0.3844598778066355,0.36710913568382486,0.3516697675003244,0.3375429341731804,0.34118273632344726,0.3447235300620399,0.3473859085488089,0.3511828652672026,0.35368779822959945,0.35713763591799835,0.36027133701064223,0.36545922222127897,0.355953205551983,0.35523057105817907
Puerto Rico,0.29529044078025646,0.2299037328892319,0.2047676901119381,0.1926343740207478,0.2053545935736092,0.2104929874759604,0.1965948327181807,0.19167435705525535,0.18577338174955557,0.1844188500986267,0.18359046424314593,0.1834097875043684,0.1825188511090988,0.17901447299123793,0.17656346723485433,0.17418916451225822,0.16977809402691538,0.16704150184124283,0.1633617192717158,0.16100886851604568,0.15791358668669966,0.15555369948117664,0.15326966317033694,0.15003893105769195,0.14757886469369694,0.14607483932968945,0.145047845606633,0.14372423163696937,0.14260601921889346,0.14198105797510072,0.1416823427074695,0.14086162918997625,0.13975063902436752,0.138693298986327,0.13769040249400885,0.13649573315778737,0.13577661076874642,0.1355009653724895
Qatar,0.0,0.0,0.0,0.0,0.0,0.0,0.0,0.0,0.0,0.0,0.0,0.0,0.0,0.0,0.0,0.0,0.0,0.0,0.0,0.0,0.0,0.0,0.0004948346789609418,0.00046868062125857867,0.00044515591973180713,0.0008131696521389596,0.0010799363581111452,0.0015293427343730484,0.0021401521958615013,0.002578900598949664,0.0031488329183837647,0.0037241799319278324,0.004304144693772806,0.004754730376045887,0.005101116720572884,0.005659453692935021,0.00633908147711623,0.007201379964435685
Republic of Korea,0.0,0.0,0.0,0.0,0.0,0.0,0.35137516370996547,0.5770415458609562,0.7335450840965066,0.8346822076930074,0.9171145186712675,0.9816785756008827,1.0300739944976,1.0831471960673908,1.1452816512312203,1.1960388684045389,1.2569838646936298,1.337485657119142,1.4139343131357172,1.5429608088780098,1.6174172156763453,1.668805577447877,1.7262845639333935,1.8105132399218893,1.9305638054560246,2.0558222485064936,2.1820025596262074,2.27537311289727,2.3864657428615303,2.499253455451615,2.639221560058992,2.7733456791115128,2.9042533840102855,3.005317510100728,3.105533360177132,3.192703626500752,3.278908685781879,3.2722520452981803
Republic of Moldova,0.0,0.0,0.18872598166998902,0.2689954315306846,0.22388592387604048,0.19126131619681974,0.23669484462436005,0.263774273167447,0.2797132097090814,0.29295183552829146,0.303843056124951,0.3051481593087988,0.3096862340398339,0.3101207509919851,0.3108000758860108,0.31213367692986316,0.31330381911287436,0.313169537806488,0.309421445640836,0.30411353021425197,0.29904432051573177,0.2938110110171164,0.29113490763910715,0.28762725952455814,0.28519010770644254,0.28346354828425824,0.2827131754537193,0.282180727188876,0.28047429693549814,0.2797163649641258,0.27914101049076073,0.27916744862274717,0.27683411953357745,0.2758290138839493,0.2751158119116243,0.2745478160811319,0.2743719830638785,0.2806412778848747
Reunion,0.0,0.0,0.0,0.0,0.0,0.0,0.0,0.0,0.0,0.0,0.0,0.0,0.0,0.0,0.0,0.0,0.0,0.0,0.0,0.0,0.0,0.0,0.002086911472139624,0.0038717094799621712,0.005748317746102031,0.006967385428554268,0.008250005620980225,0.0094819249531129,0.010619075780992181,0.011683677713534148,0.012746717871534276,0.013596907908332597,0.014210733464358085,0.014906352989270297,0.015687590122489076,0.016283791761944857,0.01586023152179673,0.0158280330468326
Rodrigues,0.0,0.0,0.0,0.0,0.0,0.0,0.0,0.0,0.0,0.0,0.0,0.0,0.0,0.0,0.0,0.0,0.0,0.0,0.0,0.0,0.0,0.0,0.0,0.0,0.0,1.8481128457703626e-05,3.540774944626706e-05,8.496348524294715e-05,9.802223797838936e-05,0.0001258000292170568,0.00012110895839937557,0.00018986015339239932,0.0002257911970503767,0.00023227131147350596,0.0002517434225737267,0.00032155986891676256,0.000338251383166281,0.0004375838520056406
Romania,0.0,0.0,0.0,0.0,0.0,0.0,0.0,0.0,0.0,0.0,0.14125350899632372,0.2310421817441579,0.3078669581753027,0.38967814215495034,0.4607958809919904,0.5225328428177548,0.570813369929093,0.6123474640721742,0.6501354908854095,0.6810306218693437,0.7045412610306752,0.7275862139595051,0.7463397831806553,0.7693901833417458,0.7867840562181604,0.801545022339064,0.8139179365213408,0.8274593827810622,0.8352311527741928,0.8428130207433241,0.8505330762190146,0.8609281678714267,0.8676732344151508,0.8741599122397007,0.8796047681264207,0.8823088307285698,0.8872709615321736,0.9100868954013313
Russian Federation,0.0,19.44717494617978,22.513594168367167,23.765441261359328,19.780067426588477,16.897720343355694,17.96537683057507,17.911379272202616,17.9514237009203,18.14594259838683,18.385353424210706,18.4612630807329,18.53296323197996,18.75796142769731,19.245455720437146,19.774091172278872,20.159296308763626,20.372969626370725,20.51607953949656,20.50965588836856,20.602910688379904,20.677945580556674,20.773224366434114,20.79652067808712,20.748369035805826,20.719340962959198,20.658828453171747,20.553074904998077,20.43229440652436,20.267705607174626,20.078230331678075,19.857152141512994,19.62529104132501,19.405981150226662,19.19900012812415,18.979235207152726,18.804171115611943,18.765996033990014
Saint Kitts and Nevis,0.0,0.0,0.0,0.0,0.0,0.0,0.0,0.0,0.0,0.0,0.0,0.0,0.0,0.0,0.0,0.0,0.0,0.0,0.0,0.0,0.0,0.0,0.0,0.0,0.0,0.0,0.0,0.0,0.0,0.0,0.0,0.0,0.0,0.0,0.0,0.0,0.0,0.0
Saint Lucia,0.0010777023386140748,0.0016247613631747836,0.0011795373854374314,0.0008246334504312833,0.0019217675869188024,0.0016417280360242037,0.0013334920823907608,0.0015340407683445037,0.002106274169496095,0.002492146622954415,0.0026809681422789795,0.0025571074802413305,0.002592468106957047,0.0028132618819977306,0.002872179689608076,0.0028413589596190916,0.002938221341323592,0.0029284768341213104,0.002980247581308329,0.002992633992607162,0.0029986653520904685,0.003140659916371964,0.0031196099325798508,0.0031992546755476884,0.003232219069357034,0.003234197480098135,0.0031689935754409017,0.0030756781657946867,0.002957004179014746,0.0028462256610359096,0.0029368922411848572,0.002891716182438082,0.0029070616620236,0.002951211957545723,0.00304742037852406,0.0031384243206276025,0.0030567902775026873,0.0030505845682678944
Saint Vincent and Grenadines,0.0,0.0,0.0,0.0,0.0,0.0,0.00019049886891296582,0.0001614779756152109,0.00014041827796640633,0.00012460733114772073,0.00011170700592829081,0.00035097553650371207,0.00031837327629297076,0.00028960048785270755,0.00026454286614811226,0.00024255503313821514,0.0004471206388970683,0.0006507726298047357,0.0006898721253028538,0.0009029499115625058,0.000991494188997655,0.0010468866387906546,0.0011617857679952547,0.0012430225172510127,0.0012580493383724984,0.0012751978635815503,0.0013631983536812817,0.0014103938550329225,0.0015356817283281,0.0015410503579089455,0.0014987233601922725,0.0015188812271391945,0.0015382025299056912,0.0016258991803145418,0.0015767088045407092,0.0015563497655571305,0.001553450796763661,0.0015502970756771264
San Marino,0.0,0.0,0.0,0.0,0.0,0.0,0.0,0.0,0.0,0.0,0.0,0.0,0.0,0.0,0.0,0.0,9.58115654779432e-05,0.0001479028704101672,0.000358733505157484,0.00043857567133036,0.0004594729168525718,0.0004551681038220238,0.0004302910251834277,0.00040754836631180753,0.0003870921041146149,0.00036962256915407256,0.0003717813691858041,0.000356846638020378,0.0003430778329243628,0.00033022507669477403,0.00031791101579836087,0.00030669717086464506,0.0002963509461286194,0.00028692338476138976,0.0002782427302130664,0.00027011028989008053,0.00026308440912932966,0.00026255031120338436
Sao Tome and Principe,0.0,0.0,0.0,0.0,0.0,0.00011726628828744314,0.00028574830336944876,0.00024221696342281636,0.00028083655593281266,0.00024921466229544146,0.00022341401185658162,0.0002005574494306926,0.00018192758645312613,0.00016548599305869,0.00015116735208463557,0.00013860287607898007,0.00012774875397059097,0.00011832229632813377,0.0001103795400484566,0.00010319427560714353,9.673114039001512e-05,9.103362076440476e-05,8.605820503668553e-05,8.15096732623615e-05,7.741842082292297e-05,7.39245138308145e-05,7.081549889253411e-05,6.797078819435771e-05,6.534815865225958e-05,6.29000146085284e-05,6.055447919968779e-05,5.841850873612287e-05,5.6447799262594175e-05,5.4652073287883755e-05,5.299861527867931e-05,5.144957902668201e-05,5.011131602463422e-05,5.000958308635893e-05
Serbia,0.0,0.0,0.0,0.0,0.0,0.0,0.0,0.0,0.0,0.0,0.0,0.0,0.0,0.0,0.0,0.0,0.0,0.0,0.0,0.037665910596607385,0.07329802163053396,0.10409694534409684,0.12943154037517504,0.15205629547093538,0.17109471001865978,0.18823029334171143,0.2057544320322579,0.2220095869398209,0.23554743786206966,0.24699263236403887,0.2585676261826668,0.2670748173143697,0.2757898352472195,0.2839994988404879,0.2912671399178018,0.297339979589952,0.3029103775399077,0.30229542736126813
Seychelles,0.0,0.0,0.0,0.0,0.0,0.0,0.0007619954756518633,0.000726650890268449,0.0008425096677984379,0.0007476439868863245,0.0006702420355697449,0.0006016723482920778,0.0005457827593593784,0.00049645797917607,0.00045350205625390675,0.0004158086282369402,0.0003832462619117728,0.00035496688898440125,0.0003311386201453698,0.0003095828268214306,0.00029019342117004535,0.0002731008622932143,0.0003872619226650849,0.00046868062125857867,0.000599992761377653,0.0006838017529350342,0.0007435627383716082,0.0008496348524294713,0.000914874221131634,0.000943500219127926,0.0009688716671950046,0.00102232390288215,0.0010583962361736408,0.0010657154291137333,0.0011527198823112748,0.0011704779228570157,0.0012277272426035385,0.0012252347856157937
Singapore,0.26511477529906236,0.2091880255087534,0.16631477134667783,0.15552586875134003,0.16609562715512508,0.1666353956564567,0.1662102631265627,0.1672104437495509,0.16653607766815792,0.1705874363412297,0.1749331712837034,0.1747858171788486,0.17201253299143077,0.1679269114563057,0.16360086679359684,0.16095258984671562,0.15997337715967253,0.15523885278251148,0.15317920670224566,0.15166978657359917,0.14886922506023328,0.1471330895604692,0.1456535120245903,0.14449627327585135,0.14343697917967055,0.1431548210333723,0.14348990463099726,0.14404709288089257,0.1438476342332864,0.14347493332205327,0.14340814536466057,0.14267260296079606,0.14220611829229038,0.14303813881271377,0.14344075225174555,0.1438144357743329,0.14419531186088497,0.1439025753309978
Slovakia,0.0,0.0,0.0,0.0,0.0,0.0,0.0,0.0,0.0,0.0,0.0,0.0,0.0,0.03293171261867931,0.05797267952445775,0.07709784981893267,0.09453407793823732,0.10743664506594547,0.11760939992163053,0.1273159375303133,0.13607653174365378,0.14465242339463916,0.15163455727463993,0.15823065322055926,0.16486252714241448,0.16991549504012715,0.17479035514149732,0.16776889796072342,0.1612955925934397,0.16454643821591028,0.16750882808613632,0.17081571954442326,0.16505336504382537,0.16760424575561753,0.17069529015880638,0.17283199834538154,0.16833643835575252,0.16799469198285122
Slovenia,0.0,0.0,0.0,0.0,0.0,0.0,0.06162638409334444,0.10035856184485359,0.13065920764774108,0.1553230382756339,0.1769997508933768,0.18661870669525948,0.19866492440681371,0.20499577390145227,0.21046274593983388,0.21448795073222165,0.21570377107934285,0.21774260581784816,0.21948971538635598,0.22099054121269787,0.22141758035274461,0.22175790018209002,0.22213774175094456,0.22140064999888942,0.2211650736858852,0.22064619265652363,0.22027160930522738,0.22041227341725345,0.2189980166833849,0.21720947544690067,0.21587671834688693,0.21430829929846673,0.21321744976463383,0.21244627188832613,0.21192821284561889,0.21072461329853287,0.21053016644849454,0.21010276094156544
South Africa,0.0,0.0,0.0,0.0,0.0,0.0,0.0,0.0,0.0,0.0,0.0,0.0,0.0,0.0,0.0,0.0,0.0,0.004230022093730782,0.0068159365979921956,0.01101598892106257,0.01707304627883767,0.02214392825094146,0.029195246058695567,0.03246122737673547,0.035786665025396146,0.041249878717594494,0.04762342300522919,0.054444601343680524,0.05915642061995798,0.06387496483496058,0.06712464019285391,0.07049653541731626,0.0731704597941377,0.07749663992221917,0.08292958325731345,0.08796591774086956,0.09171623615408679,0.09153003944380841
Spain,0.0,0.6710264429911856,0.7950081977848288,0.8610822489403459,1.0160659770266411,1.1603499226042497,1.1819502321704967,1.2243260111145289,1.2615178092501944,1.30389111312975,1.3357365233875373,1.3464424367529548,1.3539960621773912,1.346890497504678,1.3451248906871085,1.343200472081396,1.3388388788002858,1.3382547520452748,1.3414977399789176,1.3383007617801426,1.3323505449469708,1.3311163612223176,1.3269744925631726,1.325551061429154,1.3263323855383164,1.3313065695791386,1.335491789739578,1.3370193891771134,1.3387550522295157,1.3429624869030377,1.3447938740666663,1.3434796546589856,1.343034263955272,1.3486628755434296,1.3591759881293701,1.3697550048221117,1.3792763900910383,1.3764762672647146
Sri Lanka,0.0,1.734026564848288,2.0453178263485063,2.267082281925684,2.65437284487492,2.944087433744547,2.931206095963805,2.9162115006229015,2.535883890934315,2.250346096862263,2.017372673561968,1.8109836289967967,1.6427606237751156,1.4942971458217063,1.3650033974862381,1.2515493202741703,1.1535393111659435,1.2133064071227657,1.2943104866082022,1.3524125789694192,1.403593029844217,1.4404477397603677,1.460472283126331,1.4725741345761385,1.4851175666461314,1.4180939488165147,1.358453715255482,1.3721093085824505,1.319166941673501,1.2697468698987107,1.2223981329842972,1.1792798312289283,1.1394976117641729,1.1032477404441874,1.0698697969768796,1.038599789416873,1.0115846087602849,1.009530951368556
Suriname,0.052807414592089666,0.04346236646492547,0.03750928885691032,0.03677865188923524,0.030611012277349497,0.03822880998170646,0.03867127038933206,0.036171066537807245,0.03510456949160158,0.034204712400049346,0.03362380878441553,0.03148751956061874,0.03115509918009785,0.030325308228004944,0.02770141726950947,0.025398977041473102,0.025166504532206417,0.02393068443236505,0.023207298295188004,0.022444754944553714,0.022223979504605973,0.022098411440559254,0.022439676963315756,0.022659689166936496,0.023012625589613856,0.023212297342875755,0.023510745632321327,0.024469483749968775,0.025469444834718167,0.02682685623053736,0.02780964457245661,0.028814929434092605,0.029635094612861942,0.03050951991296111,0.03132218162969947,0.03205308773362289,0.03121934988334712,0.03115597026280161
Sweden,0.0,0.0,0.0,0.0,0.0,0.0,0.0,0.0,0.10819228317311609,0.1950727769117568,0.2630699989611249,0.30991139873277773,0.3485732556441897,0.3731295428490813,0.39273278071588325,0.40596782403533266,0.4172274304679501,0.42350507913247276,0.4282174256179875,0.43210023053601176,0.43454046541704544,0.4346855391500327,0.43668084690740155,0.43764581316393447,0.43720117699225175,0.438815914099715,0.4419418247135823,0.44452895479109944,0.4457724642463887,0.447470703925071,0.4495867308180819,0.4503920977283232,0.4508909085597866,0.45231422154884793,0.45492686389836345,0.45639635315093946,0.4593328505108034,0.4725905601660918
Switzerland,0.0,0.0,0.0,0.0,0.0,0.0,0.0,0.0,0.0,0.0,0.0,0.0,0.0,0.0,0.0,0.0,0.04531887047106714,0.08433421670787734,0.11567775797078253,0.14351743880063486,0.16586972298377842,0.1875065003694827,0.20604485740908432,0.2246202820927527,0.2379068071888423,0.2508997999417844,0.26334513650661123,0.2750098090343713,0.2866170238488105,0.29654211887190707,0.3022122670658418,0.3062444274219401,0.31050523179371486,0.3148096051565324,0.3194756528998789,0.3234120537617231,0.3284420930544589,0.32777530994376797
TFYR Macedonia,0.0,0.0,0.0,0.0,0.0,0.0,0.0,0.0,0.0,0.0,0.0,0.0,0.006594875008925822,0.011956362998490355,0.016590616891288754,0.019646957684195426,0.02229215756786812,0.02496600452523622,0.027567290127102042,0.029719951374857334,0.031969641898899996,0.03350037244130095,0.034939631244894326,0.036129162673541736,0.03696729594294572,0.03860707734814288,0.03951504838203404,0.040748487522517446,0.04177381041845694,0.042740559926495045,0.04367491812277481,0.04391611394238036,0.04424096267205818,0.0451836015907579,0.046069046330991986,0.04472254656894333,0.0435592614544133,0.0434708300978175
Thailand,3.283759025757086,2.6219586498233074,2.3260477240826147,2.1524582323157357,2.2314467066394323,2.256437919226981,2.116823431360876,2.020250952921904,1.9698578124517312,1.7480539450058004,1.5670817326650277,1.594933116597583,1.6086492013151548,1.6101373409627893,1.4708205439454831,1.4285105423080082,1.4522158979491855,1.4764847747306171,1.4918898632949396,1.522812126565715,1.5550256301247856,1.5813677847036662,1.4949385942435236,1.5158150162418214,1.5265170671811894,1.5370200104418374,1.542078303883823,1.5414415346716441,1.5432947888110882,1.544887258800066,1.544608516805836,1.5450527190529777,1.5475869765330976,1.5528020322919973,1.558305035385188,1.5635912938051364,1.5755999984465492,1.6240487083337345
Trinidad and Tobago,0.05927362862377412,0.0398066533977822,0.036801566425647865,0.03859284548018406,0.04571061474599723,0.0478446456212768,0.041624002857483036,0.04367979240391455,0.046338031728914084,0.051338220432860945,0.05568594245525297,0.058512635871404574,0.059808694046465216,0.06114707443518596,0.06243211641095449,0.06237129423554103,0.06336338196941312,0.06300662279473122,0.0631922866777414,0.06349027806729506,0.06287524125350984,0.0629497487585859,0.06336035345825973,0.06319037419664575,0.06280569389259627,0.06307609142614248,0.06283105139240089,0.062703052109295,0.062423828552570955,0.06321451468157104,0.06279499493007623,0.06291673390880433,0.06275584083018908,0.06075944247780477,0.05892121053607172,0.05719906948291372,0.05571125559038709,0.05559815399625954
Turkey,0.0,0.0,0.0,0.0,0.0,0.0,0.0,0.0,0.0,0.0,0.0,0.0,0.0,0.0,0.0,0.0,0.0,0.0,0.0,0.0,0.0,0.0,0.0,0.0,0.0,0.0,0.0,0.0,0.0,0.0,0.015895550789918042,0.03759231037169506,0.052524677213843886,0.0706651307612337,0.09250908296893473,0.11060373251260965,0.12691943566139233,0.12666177156197556
Turkmenistan,0.0,0.0,0.06133594404274643,0.07998944469183447,0.06657551997540137,0.056874149819409914,0.06934158828431956,0.08235376756375756,0.0907102075662985,0.0973183256263699,0.10137410787992392,0.10594447266176338,0.10851980531928974,0.10992407088923485,0.1094829547472973,0.10849140125082167,0.10778801116268612,0.10820573999207833,0.11013118608334758,0.11341050889225072,0.11699631430172328,0.11882163350273932,0.12190144743446506,0.12393545819542066,0.12501139502381486,0.12661421106372756,0.1295746590986143,0.13296785440521228,0.13362064740420776,0.13622570663842037,0.13364373559371096,0.13152927241938062,0.1289267735157651,0.1267108319179585,0.12421550455940464,0.12233423653069316,0.12081838293539311,0.12057310482121136
Ukraine,0.0,0.0,2.8032885502305995,4.0260254316956114,3.350876326019635,2.8625873633847743,3.4051672818192644,3.6510170286599184,3.880459111601639,4.051046639277976,4.23972770300235,4.339712230143684,4.423250891331469,4.506142219489864,4.587475633712436,4.685262321535803,4.782753662716463,4.878280374738544,4.9620570331083425,5.020582098269845,5.053476601825365,5.085069780684077,5.089654362279656,5.076096412086825,5.059622829066514,5.039304739947421,5.0154014858153895,4.9840769932306195,4.955661274354442,4.918671067361355,4.882325994433226,4.842850560343034,4.8061067487154245,4.776973769874056,4.632449965663523,4.599540915406345,4.574787318178919,4.565499863911422
United Arab Emirates,0.0,0.0,0.0,0.0,0.0,0.0,0.0,0.0,0.0,0.0,0.0,0.0,0.0,0.0,0.0,0.0,0.0,0.0,0.0,0.0,0.0,0.0,0.0,0.0,0.0,0.0,0.0016995719734208188,0.0031606416510376336,0.004688730383299624,0.006085576413375122,0.007735834717760113,0.009084078108467106,0.008777632785333394,0.008498397396265924,0.008241284675834633,0.008000409538649052,0.007792309641830622,0.007776490169928812
United Kingdom,5.135251643496066,3.932734879564564,3.4694912655256607,3.239160193294081,3.3721530385890928,3.460410901074159,3.2969639242766995,3.185395285973458,3.09250194479315,3.054001079099488,2.9814041347231175,2.9091860827169116,2.8457567891964124,2.780040568891198,2.708125320758225,2.634806023542392,2.5662808441382166,2.5001205408393843,2.4466176949440652,2.4005826348800783,2.357797364221521,2.316555305996999,2.2787567257176558,2.2422088469376713,2.2066766033209793,2.184395459186738,2.164174757780012,2.1472821625450034,2.128095460590159,2.115343216288462,2.100740853775769,2.087804479093111,2.0793675814361814,2.073936877128613,2.0751077826214095,2.0760419633056455,2.083553353330254,2.0793234503561746
United States of America,29.30164888457808,21.95093220683212,19.253588742495193,18.115712565764518,18.959747205200852,19.62896946385853,18.74832718180736,18.38636673747476,18.14969430940887,17.99934207329154,17.82369059840326,17.54927821880918,17.31950623033761,17.014897462810126,16.717408507849743,16.406353140030834,16.120295891663947,15.844213314985488,15.62273377006838,15.394109257971241,15.135690816321349,14.911989833365233,14.755475291936323,14.620430847906412,14.495805760278893,14.440913522179663,14.411237286626264,14.39804815084621,14.407700627015583,14.434515502416225,14.45486889803867,14.505257300670571,14.573467022419514,14.66451756497141,14.765983951754299,14.884517561156185,15.050946295827893,15.020390782383675
Uruguay,0.0,0.11129615337747269,0.12621050024180516,0.14068246664357692,0.16142847730117943,0.17695482902575166,0.17106798428384332,0.16616083690805203,0.16260436588509852,0.1609926718428552,0.16353905667901772,0.16260195212593404,0.147497790716872,0.13416776887233292,0.1383559189954627,0.14092447425330298,0.14352572508595896,0.14456026553889742,0.14743947061972593,0.1512828080400724,0.15269010510563888,0.15632748525767406,0.15851921367757477,0.1638955755122934,0.1660238034547583,0.16814130670818758,0.16988638184318935,0.17203406491991938,0.17480632439479438,0.17648171598787854,0.1776365647322841,0.17935942644708125,0.17330885568597976,0.1759796759869857,0.1778898521828871,0.18029218730425042,0.18349511145320435,0.18312259086647478
Uzbekistan,0.0,0.0,0.27105769117352174,0.37652763346692397,0.3133853857811162,0.2677189361602327,0.3604238599833313,0.420327170526394,0.4586060958382831,0.4840994815088951,0.5172034374479865,0.5374438251118986,0.5508767317800659,0.5566948806494333,0.5597349129313844,0.5623811696904617,0.5657672941472547,0.5742772652285972,0.5786095489340096,0.5827380743535395,0.5896488490324348,0.5985915733363435,0.6070545783287797,0.6070840464580685,0.604018519260445,0.599878948608602,0.5962665006751373,0.5723140365964919,0.5502314958520257,0.5296181230038091,0.5310476439614619,0.5336968911860345,0.5388365798109083,0.5467666672086331,0.5560614715039033,0.5667557001631723,0.5520137294983644,0.5508930648835583
Venezuela (Bolivarian Republic of),0.63476667744369,0.5317031560989479,0.46662498967904786,0.43936470238978775,0.47344117194878216,0.4044514283033913,0.40309560661983573,0.40732819348936955,0.4065811238517295,0.4133225174169897,0.42152638687040533,0.42763862154859433,0.3879150962146782,0.3925327755352127,0.39503808283517394,0.39990394820687725,0.36858709239364756,0.3712362047295197,0.37595271340504327,0.3809416684037703,0.387190572196133,0.393151449676273,0.40133243918858297,0.40659062765097476,0.40844023365653587,0.4091906651820161,0.40996862696360314,0.40955798426510237,0.4084096545369593,0.4067901194770052,0.40299005907392216,0.40009376170652144,0.3973219470595847,0.3946699472484526,0.3909177862955386,0.3794920949008065,0.36962106699770203,0.3688706848449834
Virgin Islands (USA),0.0,0.0012185710223810878,0.0007077224312624588,0.0004947800702587699,0.00041180734005402913,0.0003517988648623294,0.00028574830336944876,0.00024221696342281636,0.00021062741694960948,0.00018691099672158112,0.00016756050889243622,0.00015041808707301946,0.0001364456898398446,0.0001241144947940175,0.00011337551406347669,0.00010395215705923505,9.58115654779432e-05,8.874172224610031e-05,0.0001655693100726849,0.0002837842579196447,0.0004111073466575642,0.0005006849142042261,0.000559378332738456,0.0005705677128365305,0.0007161203926120375,0.0007762073952235522,0.0007789704878178752,0.0009855764288181868,0.0011272557367514777,0.0011793752739099074,0.0012716440631934435,0.001343625700930826,0.0014111949815648543,0.0015029320154168033,0.0014574619201636809,0.0014148634232337553,0.0014156446776959167,0.0014127707221896395
