Country,1979-01-01 00:00:00,1980-01-01 00:00:00,1981-01-01 00:00:00,1982-01-01 00:00:00,1983-01-01 00:00:00,1984-01-01 00:00:00,1985-01-01 00:00:00,1986-01-01 00:00:00,1987-01-01 00:00:00,1988-01-01 00:00:00,1989-01-01 00:00:00,1990-01-01 00:00:00,1991-01-01 00:00:00,1992-01-01 00:00:00,1993-01-01 00:00:00,1994-01-01 00:00:00,1995-01-01 00:00:00,1996-01-01 00:00:00,1997-01-01 00:00:00,1998-01-01 00:00:00,1999-01-01 00:00:00,2000-01-01 00:00:00,2001-01-01 00:00:00,2002-01-01 00:00:00,2003-01-01 00:00:00,2004-01-01 00:00:00,2005-01-01 00:00:00,2006-01-01 00:00:00,2007-01-01 00:00:00,2008-01-01 00:00:00,2009-01-01 00:00:00,2010-01-01 00:00:00,2011-01-01 00:00:00,2012-01-01 00:00:00,2013-01-01 00:00:00,2014-01-01 00:00:00,2015-01-01 00:00:00,2016-01-01 00:00:00
Argentina,0.0,0.0,0.0,0.0,0.0,0.0,0.0,0.0,0.0,0.0,0.0,0.0,0.0,0.0,0.0,0.0,0.0,0.0,0.0,0.0,0.0,0.0,0.0,0.0,0.0,0.0,0.0,0.0,0.0,0.0,0.0,0.0,0.0,0.0,0.0,0.0,0.0,0.0
Australia,0.0,0.0,0.0,0.0,0.0,0.0,0.0,0.0,0.0,0.0,0.0,0.0,0.0,0.0,0.0,0.0,0.0,0.0,0.052042674993494666,0.047080979284369114,0.04338394793926247,0.04166666666666667,0.041118421052631575,0.03901677721420211,0.10960906101571063,0.10485844110450893,0.18272425249169436,0.17263025737602009,0.1637392080976481,0.15556498373638805,0.14735432016075017,0.14127921911122526,0.137311197103982,0.13305915084069192,0.19542476146683527,0.19118308591992803,0.18514484861685906,0.1815269620928991
Austria,0.0,0.0,0.0,0.0,0.0,0.0,1.3862633900441084,1.282051282051282,1.2687427912341407,1.1404872991187145,1.0294805802526907,0.9743135518157661,0.9224318658280923,0.8425890463423975,1.6146393972012916,1.483679525222552,1.3493253373313343,1.2651110486364914,1.1709601873536302,1.059322033898305,1.4967462039045552,1.4375,1.4185855263157896,1.3460788138899726,1.2605042016806722,1.2058720727018526,1.5614617940199336,1.4752040175768988,1.7862459065197975,1.6970725498515062,1.6075016744809107,1.8880041099409197,2.18449631756335,2.1168501270110074,2.0117254856880105,1.9680611785874942,2.2217381834023087,2.178323545114789
Belarus,0.0,0.0,0.0,0.0,0.0,0.0,0.0,0.0,0.0,0.0,0.0,0.0,0.0,0.0,0.0,0.0,0.0,0.0,0.0,0.0,0.0,0.0,0.0,0.0,0.0,0.0,0.0,0.0,0.0,0.0,0.0,0.0,0.0,0.0,0.0,0.0,0.0,0.0
Belgium,0.0,0.0,0.37831021437578816,0.30927835051546393,0.26246719160104987,0.22641509433962265,0.1890359168241966,0.17482517482517482,0.17301038062283738,0.15552099533437014,0.14038371548900327,0.1328609388839681,0.12578616352201258,0.11489850631941785,0.1076426264800861,0.09891196834817012,0.08995502248875561,0.08434073657576609,0.078064012490242,0.07062146892655367,0.0650759219088937,0.0625,0.061677631578947366,0.058525165821303154,0.05480453050785532,0.05242922055225446,0.11627906976744186,0.1098556183301946,0.10419767788032153,0.09899589874133786,0.1607501674480911,0.15412278448497305,0.149794033204344,0.1451554372807548,0.21841590987469825,0.2136752136752137,0.20692659551296017,0.28830752802989856
Bosnia_and_Herzegovina,0.0,0.0,0.0,0.0,0.0,0.0,0.0,0.0,0.0,0.0,0.0,0.0,0.0,0.07659900421294523,0.07176175098672408,0.06594131223211341,0.05997001499250374,0.056227157717177394,0.13010668748373666,0.11770244821092278,0.10845986984815618,0.10416666666666667,0.10279605263157894,0.09754194303550526,0.09134088417975886,0.08738203425375743,0.08305647840531562,0.07846829880728186,0.07442691277165824,0.07071135624381275,0.06697923643670461,0.11559208836372976,0.11234552490325801,0.1088665779605661,0.10346016783538338,0.10121457489878542,0.0980178610324548,0.09610250934329952
Brazil,0.0,0.0,0.0,0.0,0.26246719160104987,0.22641509433962265,0.1890359168241966,0.17482517482517482,0.17301038062283738,0.15552099533437014,0.14038371548900327,0.1328609388839681,0.12578616352201258,0.11489850631941785,0.1076426264800861,0.23079459281239698,0.2098950524737631,0.1967950520101209,0.18214936247723132,0.2824858757062147,0.39045553145336226,0.375,0.3700657894736842,0.351150994927819,0.3288271830471319,0.3145753233135267,0.29900332225913623,0.2824858757062147,0.2679368859779696,0.2545608824777259,0.24112525117213662,0.23118417672745953,0.22469104980651602,0.2177331559211322,0.20692033567076676,0.20242914979757085,0.1960357220649096,0.19220501868659903
Bulgaria,0.0,0.0,0.0,0.0,0.0,0.0,0.0,0.0,0.0,0.0,0.0,0.0,0.0,0.0,0.0,0.0,0.0,0.0,0.0,0.0,0.0,0.0,0.0,0.0,0.0,0.0,0.0,0.0,0.0,0.0,0.0,0.0,0.0,0.0,0.0,0.0,0.0,0.0
Canada,0.0,0.0,0.0,0.0,0.0,0.0,0.0,0.7575757575757576,0.7497116493656286,0.673924313115604,0.6083294337856809,0.5757307351638619,0.5450733752620545,0.49789352738414405,0.46645138141370646,0.42861852950873724,0.38980509745127434,0.3654765251616531,0.33827738745771535,0.6355932203389831,0.5856832971800434,0.5625,0.5550986842105263,0.5267264923917284,0.7672634271099744,0.7340090877315625,0.9634551495016611,0.9102322661644695,0.8633521881512354,0.8202517324282279,1.0046885465505693,0.9632674030310814,0.9362127075271502,0.9072214830047175,0.8621680652948615,0.8434547908232118,0.81681550860379,0.800854244527496
Chile,0.0,0.0,0.0,0.0,0.0,0.0,0.0,0.0,0.0,0.0,0.0,0.0,0.0,0.0,0.0,0.0,0.0,0.0,0.0,0.09416195856873823,0.08676789587852494,0.08333333333333334,0.08223684210526315,0.07803355442840422,0.07307270734380708,0.06990562740300593,0.0664451827242525,0.06277463904582549,0.05954153021732659,0.0565690849950502,0.12056262558606831,0.11559208836372976,0.11234552490325801,0.1088665779605661,0.10346016783538338,0.10121457489878542,0.0980178610324548,0.09610250934329952
China,0.0,0.0,0.0,0.0,0.0,0.0,0.0,0.0,0.0,0.0,0.0,0.0,0.0,0.0,0.0,0.0,0.0,0.0,0.0,0.0,0.0,0.0,0.0,0.0,0.0,0.0,0.0,0.0,0.0,0.0,0.0,0.0,0.0,0.0,0.0,0.0,0.0,0.0
Colombia,0.0,0.0,0.0,0.0,0.0,0.0,0.0,0.0,0.0,0.0,0.0,0.0,0.0,0.0,0.0,0.0,0.0,0.0,0.0,0.0,0.0,0.0,0.0,0.0,0.0,0.0,0.0,0.0,0.0,0.0,0.0,0.0,0.0,0.0,0.0,0.0,0.0,0.0
Cuba,0.0,0.0,0.0,0.0,0.0,0.0,0.0,0.0,0.0,0.0,0.0,0.0,0.0,0.0,0.0,0.0,0.0,0.0,0.0,0.0,0.0,0.0,0.0,0.0,0.0,0.0,0.0,0.0,0.0,0.0,0.0,0.0,0.0,0.0,0.0,0.0,0.0,0.0
Czech_Republic,0.0,0.0,0.0,0.0,0.0,0.0,0.0,0.0,0.0,0.0,0.0,0.0,0.0,0.0,0.0,0.0,0.0,0.0,0.0,0.0,0.0,0.0,0.0,0.0,0.0,0.0,0.0,0.0,0.1637392080976481,0.15556498373638805,0.14735432016075017,0.14127921911122526,0.299588066408688,0.2903108745615096,0.2758937808943557,0.2699055330634278,0.2613809627532128,0.2562733582487987
Denmark,0.0,0.0,0.0,0.0,0.0,0.0,0.0,0.0,0.0,0.0,0.0,0.0,0.0,0.0,0.0,0.0,0.0,0.0,0.0,0.0,0.0,0.0,0.0,0.0,0.0,0.0,0.0,0.0,0.0,0.0,0.0,0.0,0.0,0.0,0.0,0.0,0.0,0.0
Egypt,0.0,0.0,0.0,0.0,0.0,0.0,0.0,0.0,0.0,0.0,0.0,0.0,0.0,0.0,0.0,0.0,0.0,0.0,0.0,0.0,0.0,0.0,0.0,0.0,0.0,0.0,0.0,0.0,0.0,0.0,0.0,0.0,0.0,0.0,0.0,0.0,0.0,0.0
England,0.0,0.0,0.0,0.0,0.0,0.0,0.0,0.0,0.0,0.0,0.0,0.0,0.0,0.0,0.0,0.0,0.0,0.11245431543435479,0.10408534998698933,0.09416195856873823,0.19522776572668113,0.1875,0.1850328947368421,0.1755754974639095,0.16441359152356594,0.15728766165676336,0.14950166112956811,0.14124293785310735,0.1339684429889848,0.12728044123886295,0.12056262558606831,0.11559208836372976,0.11234552490325801,0.1088665779605661,0.10346016783538338,0.10121457489878542,0.0980178610324548,0.09610250934329952
Estonia,0.0,0.0,0.0,0.0,0.0,0.0,0.0,0.0,0.0,0.0,0.0,0.0,0.0,0.0,0.0,0.0,0.0,0.0,0.0,0.0,0.0,0.0,0.0,0.0,0.0,0.0,0.0,0.031387319522912745,0.029770765108663295,0.0282845424975251,0.026791694574681845,0.025687130747495505,0.06241418050181001,0.0604814322003145,0.057477871019657435,0.05623031938821412,0.05445436724025267,0.05339028296849973
Ethiopia,0.0,0.0,0.0,0.0,0.0,0.0,0.0,0.0,0.0,0.0,0.0,0.0,0.0,0.0,0.0,0.0,0.0,0.0,0.0,0.0,0.0,0.0,0.0,0.0,0.0,0.0,0.0,0.0,0.0,0.0,0.0,0.0,0.0,0.0,0.0,0.0,0.0,0.0
France,28.294573643410853,27.631578947368425,27.994955863808325,31.1340206185567,33.6832895888014,35.39622641509434,35.0346565847511,37.58741258741259,37.19723183391003,38.10264385692068,38.65231633130557,36.58104517271922,34.63312368972746,31.63538873994638,29.637603157517045,30.300032970656115,30.4047976011994,31.206072533033456,31.40775435857403,30.720338983050848,30.47722342733189,31.374999999999996,30.962171052631575,31.369488880218494,31.25685056631348,29.902132121635795,30.14950166112957,30.14752040175769,30.20244120273891,30.236175929854337,30.12726054922974,28.885178525558697,29.484458869055047,28.57142857142857,28.463041728934364,27.845254161043638,28.21825310389893,27.66684463427656
Georgia,0.0,0.0,0.0,0.0,0.0,0.0,0.0,0.0,0.0,0.0,0.0,0.0,0.0,0.0,0.0,0.0,0.0,0.0,0.0,0.0,0.0,0.0,0.0,0.0,0.0,0.0,0.0,0.0,0.0,0.0,0.0,0.025687130747495505,0.024965672200724,0.0241925728801258,0.022991148407862972,0.02249212775528565,0.02178174689610107,0.021356113187399894
Germany,30.620155038759687,29.887218045112785,30.26481715006305,24.742268041237114,28.171478565179353,24.30188679245283,20.28985507246377,18.764568764568764,18.569780853517877,16.69258683255573,15.067852129153017,14.260407440212578,13.501048218029348,15.511298353121408,14.531754574811625,13.353115727002967,14.722638680659669,13.803767219567051,12.77647671090294,13.606403013182675,14.446854663774403,15.729166666666666,15.522203947368421,14.728833398361296,15.436609426379247,16.35791681230339,15.548172757475085,16.148775894538606,15.317058648407263,15.881770612360347,15.043536503683857,15.643462625224764,15.20409437024092,14.733276883996613,15.116680078169905,14.788573999100315,15.388804182095402,15.088093966898025
Hungary,0.0,0.0,0.0,0.0,0.4374453193350831,0.37735849056603776,0.315059861373661,0.2913752913752914,0.28835063437139563,0.2592016588906169,0.2339728591483388,0.22143489813994688,0.20964360587002098,0.19149751053236308,0.1794043774668102,0.16485328058028356,0.14992503748125938,0.1405678942929435,0.13010668748373666,0.11770244821092278,0.10845986984815618,0.10416666666666667,0.10279605263157894,0.09754194303550526,0.09134088417975886,0.08738203425375743,0.08305647840531562,0.07846829880728186,0.07442691277165824,0.07071135624381275,0.06697923643670461,0.06421782686873877,0.06241418050181001,0.13305915084069192,0.12645131624324635,0.12370670265407108,0.11979960792855587,0.11745862253069943
India,0.0,0.0,0.0,0.0,0.0,0.0,0.0,0.0,0.0,0.0,0.0,0.0,0.0,0.0,0.0,0.0,0.0,0.0,0.0,0.0,0.0,0.0,0.0,0.0,0.0,0.0,0.0,0.0,0.0,0.0,0.0,0.0,0.0,0.0,0.0,0.0,0.0,0.021356113187399894
Iran,0.0,0.0,0.0,0.2061855670103093,0.17497812773403326,0.1509433962264151,0.1260239445494644,0.11655011655011654,0.11534025374855825,0.10368066355624676,0.09358914365933552,0.08857395925597875,0.08385744234800838,0.07659900421294523,0.07176175098672408,0.06594131223211341,0.05997001499250374,0.1405678942929435,0.13010668748373666,0.11770244821092278,0.10845986984815618,0.10416666666666667,0.10279605263157894,0.09754194303550526,0.09134088417975886,0.08738203425375743,0.08305647840531562,0.07846829880728186,0.07442691277165824,0.07071135624381275,0.06697923643670461,0.06421782686873877,0.06241418050181001,0.0604814322003145,0.057477871019657435,0.05623031938821412,0.05445436724025267,0.05339028296849973
Ireland,0.0,0.0,0.5044136191677175,0.4123711340206186,0.3499562554680665,0.3018867924528302,0.2520478890989288,0.2331002331002331,0.2306805074971165,0.20736132711249353,0.18717828731867103,0.1771479185119575,0.16771488469601675,0.15319800842589046,0.14352350197344815,0.13188262446422683,0.11994002998500748,0.11245431543435479,0.10408534998698933,0.09416195856873823,0.08676789587852494,0.08333333333333334,0.08223684210526315,0.07803355442840422,0.16441359152356594,0.15728766165676336,0.14950166112956811,0.14124293785310735,0.1339684429889848,0.12728044123886295,0.12056262558606831,0.11559208836372976,0.11234552490325801,0.1088665779605661,0.10346016783538338,0.10121457489878542,0.0980178610324548,0.09610250934329952
Israel,0.0,0.0,0.0,0.0,0.0,0.0,0.0,0.0,0.0,0.0,0.0,0.0,0.0,0.0,0.0,0.0,0.0,0.0,0.0,0.0,0.0,0.0,0.0,0.0,0.0,0.0,0.0,0.0,0.0,0.0,0.0,0.0,0.0,0.0,0.0,0.0,0.0,0.0
Italy,6.5891472868217065,3.195488721804511,2.1437578814627996,1.7525773195876289,1.4873140857392826,1.2830188679245282,1.0712035286704475,0.9906759906759907,2.0184544405997693,1.8144116122343183,1.6378100140383716,1.550044286979628,1.4675052410901468,1.3404825737265416,1.9375672766415502,1.7804154302670623,1.6191904047976011,1.5181332583637897,1.9255789747593028,2.236346516007533,2.0607375271149677,1.9791666666666665,1.953125,2.282481467030823,2.1373766898063575,2.044739601537924,1.9435215946843856,1.8361581920903955,1.7415897588568028,1.6546457361052185,1.5673141326188884,1.502697148728487,1.4604918237423543,1.705576388048869,1.9082653178526268,1.8668466036887088,1.8078849923763887,1.772557394554191
Japan,0.0,0.0,0.0,0.0,0.0,0.0,1.1342155009451798,2.156177156177156,2.1337946943483272,1.9180922757905652,1.731399157697707,1.6386182462356065,2.3899371069182394,2.1830716200689393,2.798708288482239,2.571711177052423,2.3388305847076465,2.1928591509699187,2.029664324746292,1.8361581920903955,1.6919739696312366,1.625,1.6036184210526316,1.521654311353882,1.4249177932042383,1.363159734358616,1.2956810631229236,1.2241054613935969,1.1610598392378684,1.1030971574034791,1.3395847287340925,1.2843565373747752,1.5353888403445264,1.7781541066892466,1.9772387630762156,2.2267206477732793,2.1563929427140054,2.1142552055525896
Kazakhstan,0.0,0.0,0.0,0.0,0.0,0.0,0.0,0.0,0.0,0.0,0.0,0.0,0.0,0.0,0.0,0.0,0.0,0.0,0.0,0.0,0.0,0.0,0.0,0.0,0.0,0.0,0.0,0.0,0.0,0.0,0.0,0.0,0.0,0.0,0.0,0.0,0.0,0.0
Kosovo,0.0,0.0,0.0,0.0,0.0,0.0,0.0,0.0,0.0,0.0,0.0,0.0,0.0,0.0,0.0,0.0,0.0,0.0,0.0,0.0,0.0,0.0,0.0,0.0,0.0,0.0,0.0,0.0,0.0,0.0,0.0,0.0,0.0,0.0,0.0,0.0,0.0,0.0
Latvia,0.0,0.0,0.0,0.0,0.0,0.0,0.0,0.0,0.0,0.0,0.0,0.0,0.0,0.0,0.0,0.0,0.0,0.0,0.0,0.0,0.0,0.0,0.0,0.0,0.0,0.0,0.0,0.0,0.0,0.0,0.0,0.0,0.0,0.0,0.0,0.0,0.0,0.0
Lebanon,0.0,0.0,0.0,0.0,0.0,0.0,0.0,0.0,0.0,0.0,0.0,0.0,0.0,0.0,0.0,0.0,0.0,0.0,0.0,0.0,0.0,0.0,0.0,0.0,0.0,0.0,0.0,0.0,0.0,0.0,0.0,0.0,0.0,0.0,0.0,0.0,0.0,0.0
Lithuania,0.0,0.0,0.0,0.0,0.0,0.0,0.0,0.0,0.0,0.0,0.0,0.0,0.0,0.0,0.0,0.0,0.0,0.0,0.0,0.0,0.0,0.0,0.0,0.0,0.0,0.0,0.0,0.0,0.0,0.0,0.0,0.0,0.0,0.0,0.0,0.0,0.0,0.0
Macedonia,0.0,0.0,0.0,0.0,0.0,0.0,0.0,0.0,0.0,0.0,0.0,0.0,0.0,0.0,0.0,0.0,0.0,0.0,0.0,0.0,0.0,0.0,0.0,0.0,0.0,0.0,0.0,0.0,0.0,0.0,0.0,0.0,0.0,0.0,0.0,0.0,0.0,0.0
Mexico,0.0,0.0,0.0,0.0,0.0,0.0,0.0,0.0,0.0,0.0,0.0,0.0,0.0,0.0,0.0,0.0,0.0,0.0,0.0,0.0,0.0,0.0,0.0,0.0,0.0,0.0,0.0,0.0,0.0,0.0,0.0,0.0,0.0,0.0,0.0,0.0,0.0,0.0
Moldova,0.0,0.0,0.0,0.0,0.0,0.0,0.0,0.0,0.0,0.0,0.0,0.0,0.0,0.0,0.0,0.0,0.0,0.0,0.0,0.0,0.0,0.0,0.0,0.0,0.0,0.0,0.0,0.0,0.0,0.0,0.0,0.0,0.0,0.0,0.0,0.0,0.0,0.0
Myanmar,0.0,0.0,0.0,0.0,0.0,0.0,0.0,0.0,0.0,0.0,0.0,0.0,0.0,0.0,0.0,0.0,0.0,0.0,0.0,0.0,0.0,0.0,0.0,0.0,0.0,0.0,0.0,0.0,0.0,0.0,0.0,0.0,0.0,0.0,0.0,0.0,0.0,0.0
Netherlands,0.0,0.0,0.0,0.0,0.0,0.0,0.0,0.0,0.0,0.0,0.0,0.0,0.0,0.0,0.0,0.0,0.0,0.0,0.0,0.0,0.0,0.0,0.0,0.0,0.0,0.0,0.0,0.0,0.0,0.0,0.0,0.0,0.0,0.0,0.0,0.0899685110211426,0.08712698758440428,0.08542445274959957
Norway,0.0,0.0,0.0,0.0,0.0,0.0,0.0,0.0,0.0,0.0,0.0,0.0,0.0,0.0,0.0,0.0,0.0,0.0,0.0,0.0,0.0,0.0,0.0,0.0,0.0,0.0,0.0,0.0,0.0,0.0,0.0,0.0,0.0,0.0,0.0,0.0,0.0,0.0
Palau,0.0,0.0,0.0,0.0,0.0,0.0,0.0,0.0,0.0,0.0,0.0,0.0,0.0,0.0,0.0,0.0,0.0,0.0,0.0,0.0,0.0,0.0,0.0,0.0,0.0,0.0,0.0,0.0,0.0,0.0,0.0,0.0,0.0,0.0,0.0,0.0,0.0,0.0
Peru,0.0,0.0,0.0,0.0,0.0,0.0,0.0,0.0,0.0,0.0,0.0,0.0,0.0,0.0,0.0,0.0,0.0,0.0,0.0,0.0,0.0,0.0,0.0,0.0,0.0,0.0,0.0,0.0,0.0,0.0,0.0,0.0,0.0,0.0,0.0,0.0,0.0,0.0
Poland,0.0,0.0,0.0,0.0,0.0,0.0,0.0,0.0,0.0,0.0,0.0,0.70859167404783,0.670859538784067,0.6127920337035618,0.5740940078937926,0.5275304978569073,0.4797601199400299,0.44981726173741915,0.4163413999479573,0.7768361581920904,0.7158351409978307,0.6875,1.0485197368421053,0.9949278189621538,0.9316770186335404,1.223348479552604,1.1627906976744187,1.098556183301946,1.0419767788032153,0.9899589874133786,1.2190221031480242,1.1687644490110454,1.4105604793409063,1.3668803677271077,1.2989998850442581,1.2708052181736393,1.2306686996297103,1.2066203950880938
Portugal,0.0,0.0,0.0,0.0,0.0,0.0,0.0,0.0,0.0,0.0,0.0,0.0,0.0,0.0,0.0,0.0,0.0,0.0,0.0,0.0,0.0,0.0,0.0,0.0,0.0,0.0,0.0,0.0,0.0,0.0,0.0,0.0,0.049931344401448,0.0483851457602516,0.045982296815725944,0.0449842555105713,0.04356349379220214,0.04271222637479979
Romania,0.0,0.0,0.0,0.0,0.0,0.0,0.0,0.0,0.0,0.0,0.0,0.0,0.0,0.0,0.0,0.0,0.0,0.0,0.0,0.0,0.0,0.0,0.0,0.0,0.0,0.0,0.0,0.0,0.0,0.0,0.0,0.0,0.0,0.0604814322003145,0.057477871019657435,0.05623031938821412,0.05445436724025267,0.05339028296849973
Russia,0.0,0.0,0.0,0.0,0.0,0.0,0.0,0.0,0.0,0.0,0.0,0.0,0.0,0.0,0.0,0.0,0.0,0.0,0.0,0.0,0.0,0.0,0.0,0.0,0.0,0.0,0.0,0.0,0.11908306043465318,0.1131381699901004,0.10716677829872738,0.10274852298998202,0.099862688802896,0.0967702915205032,0.09196459363145189,0.0899685110211426,0.08712698758440428,0.08542445274959957
Scotland,0.0,0.0,0.0,0.0,0.0,0.0,0.0,0.0,0.0,0.0,0.0,0.0,0.0,0.0,0.07176175098672408,0.06594131223211341,0.05997001499250374,0.056227157717177394,0.052042674993494666,0.047080979284369114,0.04338394793926247,0.04166666666666667,0.041118421052631575,0.03901677721420211,0.03653635367190354,0.034952813701502966,0.03322259136212625,0.031387319522912745,0.029770765108663295,0.0282845424975251,0.026791694574681845,0.025687130747495505,0.024965672200724,0.0241925728801258,0.022991148407862972,0.02249212775528565,0.02178174689610107,0.021356113187399894
Serbia,0.0,0.0,0.0,0.0,0.0,0.1509433962264151,0.1260239445494644,0.11655011655011654,0.11534025374855825,0.10368066355624676,0.09358914365933552,0.08857395925597875,0.08385744234800838,0.07659900421294523,0.07176175098672408,0.06594131223211341,0.05997001499250374,0.056227157717177394,0.052042674993494666,0.047080979284369114,0.04338394793926247,0.04166666666666667,0.041118421052631575,0.03901677721420211,0.03653635367190354,0.034952813701502966,0.03322259136212625,0.031387319522912745,0.029770765108663295,0.0282845424975251,0.026791694574681845,0.025687130747495505,0.06241418050181001,0.0604814322003145,0.057477871019657435,0.05623031938821412,0.05445436724025267,0.05339028296849973
Slovakia,0.0,0.0,0.0,0.0,0.0,0.0,0.0,0.0,0.0,0.0,0.18717828731867103,0.1771479185119575,0.16771488469601675,0.15319800842589046,0.14352350197344815,0.13188262446422683,0.11994002998500748,0.11245431543435479,0.10408534998698933,0.09416195856873823,0.08676789587852494,0.08333333333333334,0.08223684210526315,0.07803355442840422,0.07307270734380708,0.06990562740300593,0.0664451827242525,0.06277463904582549,0.05954153021732659,0.0565690849950502,0.05358338914936369,0.05137426149499101,0.049931344401448,0.0483851457602516,0.045982296815725944,0.0449842555105713,0.04356349379220214,0.04271222637479979
South_Africa,0.0,0.0,0.0,0.0,0.0,0.0,0.0,0.0,0.0,0.0,0.0,0.0,0.0,0.0,0.0,0.09891196834817012,0.08995502248875561,0.08434073657576609,0.078064012490242,0.07062146892655367,0.0650759219088937,0.0625,0.061677631578947366,0.058525165821303154,0.05480453050785532,0.05242922055225446,0.11627906976744186,0.1098556183301946,0.10419767788032153,0.09899589874133786,0.09377093101138648,0.08990495761623427,0.08737985270253402,0.0846740050804403,0.08046901942752041,0.07872244714349977,0.07623611413635373,0.07474639615589962
South_Korea,0.0,0.0,0.0,0.0,0.0,0.0,0.0,0.0,0.0,0.0,0.0,0.0,0.0,0.0,0.0,0.0,0.0,0.0,0.0,0.0,0.0,0.0,0.0,0.0,0.0,0.0,0.0,0.0,0.0,0.0282845424975251,0.026791694574681845,0.025687130747495505,0.06241418050181001,0.0604814322003145,0.057477871019657435,0.05623031938821412,0.05445436724025267,0.05339028296849973
Spain,0.0,0.0,0.6305170239596469,0.5154639175257731,0.4374453193350831,0.37735849056603776,0.6931316950220542,0.641025641025641,0.6343713956170703,0.5702436495593572,0.5147402901263454,0.48715677590788303,0.46121593291404617,0.42129452317119875,0.3946896304269824,0.3626772172766238,0.5397301349325337,0.5060444194545966,0.468384074941452,0.423728813559322,0.39045553145336226,0.375,0.5345394736842105,0.6827936012485368,0.639386189258312,0.611674239776302,0.5813953488372093,0.549278091650973,0.5209883894016076,0.4949794937066893,0.46885465505693236,0.44952478808117136,0.43689926351267006,0.42337002540220153,0.402345097137602,0.39361223571749887,0.3811805706817687,0.37373198077949815
Sweden,0.0,0.0,0.0,0.0,0.0,0.0,0.0,0.4662004662004662,0.461361014994233,0.41472265422498705,0.37435657463734207,0.354295837023915,0.3354297693920335,0.3063960168517809,0.2870470039468963,0.26376524892845365,0.23988005997001496,0.22490863086870957,0.44236273744470467,0.4001883239171375,0.368763557483731,0.35416666666666663,0.3495065789473684,0.3316426063207179,0.3105590062111801,0.29709891646277525,0.2823920265780731,0.423728813559322,0.5656445370646026,0.5374063074529769,0.6697923643670463,0.6421782686873876,0.6241418050181001,0.604814322003145,0.5747787101965743,0.5623031938821412,0.5445436724025267,0.6727175654030967
Switzerland,0.0,0.0,0.0,0.0,0.0,0.0,0.0,0.0,0.0,0.0,0.4679457182966776,0.44286979627989376,0.41928721174004197,0.38299502106472616,0.3588087549336204,0.3297065611605671,0.29985007496251875,0.281135788585887,0.2602133749674733,0.23540489642184556,0.455531453362256,0.43750000000000006,0.43174342105263164,0.40967616074912216,0.3836317135549872,0.36700454386578124,0.3488372093023256,0.3295668549905838,0.3125930336409646,0.2969876962240136,0.4420629604822505,0.42383765733367584,0.5742104606166522,0.5564291762428935,0.5287964133808484,0.51731893837157,0.5009801786103245,0.4911906033101976
Taiwan,0.0,0.0,0.0,0.0,0.0,0.0,0.0,0.0,0.0,0.0,0.0,0.0,0.0,0.0,0.0,0.0,0.0,0.0,0.0,0.0,0.0,0.0,0.0,0.0,0.0,0.0,0.0,0.0,0.0,0.0,0.0,0.0,0.0,0.0,0.0,0.0,0.0,0.0
Tunisia,0.0,0.0,0.0,0.0,0.0,0.0,0.0,0.0,0.0,0.0,0.0,0.0,0.0,0.0,0.0,0.0,0.0,0.0,0.0,0.0,0.0,0.0,0.0,0.0,0.0,0.0,0.0,0.0,0.0,0.0,0.0,0.0,0.0,0.0,0.0,0.0,0.0,0.0
Turkey,0.0,0.0,0.0,0.0,0.0,0.0,0.0,0.0,0.0,0.0,0.0,0.0,0.0,0.0,0.0,0.0,0.0,0.0,0.0,0.0,0.0,0.0,0.041118421052631575,0.03901677721420211,0.03653635367190354,0.034952813701502966,0.03322259136212625,0.031387319522912745,0.029770765108663295,0.0282845424975251,0.026791694574681845,0.025687130747495505,0.024965672200724,0.0241925728801258,0.022991148407862972,0.02249212775528565,0.02178174689610107,0.021356113187399894
UK,0.0,5.639097744360902,3.783102143757881,3.0927835051546393,2.6246719160104988,2.2641509433962264,3.843730308758664,3.5547785547785544,3.517877739331027,3.162260238465526,2.8544688816097334,2.701505757307352,2.5576519916142555,3.561853695901953,3.3369214208826694,4.154302670623145,3.7781109445277363,3.5423109361821763,4.163413999479573,4.590395480225989,4.229934924078091,4.0625,4.749177631578947,4.506437768240343,4.219948849104859,4.037049982523593,3.8372093023255816,3.6252354048964217,3.989282524560881,3.790128694668364,4.099129269926323,4.431030053942974,4.306578454624891,4.657070279424217,4.425796068513622,4.329734592892487,4.639512088869528,4.5488521089161775
USA,34.49612403100775,33.64661654135339,34.30012610340479,37.83505154639175,32.1084864391951,34.943396226415096,35.34971644612476,32.69230769230769,32.35294117647059,34.21461897356143,35.7042583060365,38.44109831709478,40.88050314465409,41.516660283416314,42.87764621456763,43.125618199802176,42.638680659670165,43.32302502108518,43.247462919594064,42.04331450094162,41.51843817787418,39.875,39.350328947368425,39.85563792430745,39.715016441359154,40.40545263893743,40.730897009966775,40.69365976145637,40.75617743376005,40.81459482392872,40.68318821165439,40.98381710762908,39.83272999625515,40.49836700133059,40.303483158983795,41.21682411156095,39.915051187105206,40.843566470902296
Ukraine,0.0,0.0,0.0,0.0,0.0,0.0,0.0,0.0,0.0,0.3110419906687403,0.28076743097800655,0.2657218777679362,0.25157232704402516,0.2297970126388357,0.2152852529601722,0.19782393669634024,0.17991004497751123,0.16868147315153217,0.156128024980484,0.14124293785310735,0.1301518438177874,0.125,0.12335526315789473,0.11705033164260631,0.10960906101571063,0.10485844110450893,0.09966777408637872,0.09416195856873823,0.08931229532598987,0.0848536274925753,0.08037508372404555,0.07706139224248652,0.074897016602172,0.0725777186403774,0.06897344522358892,0.06747638326585695,0.14158135482465695,0.1388147357180993
Uruguay,0.0,0.0,0.0,0.0,0.0,0.0,0.0,0.0,0.0,0.0,0.0,0.0,0.0,0.0,0.0,0.0,0.0,0.0,0.0,0.0,0.0,0.0,0.0,0.0,0.0,0.0,0.0,0.0,0.0,0.0,0.0,0.0,0.0,0.0,0.0,0.0,0.0,0.0
Venezuela,0.0,0.0,0.0,0.0,0.0,0.0,0.0,0.0,0.0,0.0,0.0,0.0,0.0,0.0,0.0,0.0,0.0,0.0,0.0,0.0,0.0,0.0,0.0,0.0,0.0,0.0,0.0,0.0,0.0,0.0,0.0,0.0,0.0,0.0,0.0,0.0,0.0,0.0
